#include "game.h"
#include "assets.h"
#include "audio_data.h"

const u32 hero_tiles_0[1184] __attribute__((aligned(4))) = {
  0x55110000,0x55551000,0x44444100,0x24444100,0x22244100,0x21244100,0x21223100,0x22321000,
  0x00001144,0x00014444,0x00144444,0x00144442,0x00144222,0x00144212,0x00132212,0x00012322,
  0x33ed1000,0x66861000,0xa9981000,0x66821000,0x1bb10000,0x1bb10000,0x1cc10000,0x01100000,
  0x0001ed33,0x00016666,0x0001899a,0x00012666,0x00001bb1,0x00001bb1,0x00001cc1,0x00000110,
  0x11000000,0x55110000,0x55551000,0x44444100,0x24444100,0x22244100,0x21244100,0x21223100,
  0x00000011,0x00001144,0x00014444,0x00144444,0x00144442,0x00144222,0x00144212,0x00132212,
  0x22321000,0x33e10000,0x668d1000,0xa9961000,0x66881000,0x1cc21000,0x01110000,0x00000000,
  0x00012322,0x00016d33,0x00018666,0x0001299a,0x00001666,0x00001bb1,0x00001cc1,0x00000110,
  0x55110000,0x55551000,0x44444100,0x24444100,0x22244100,0x21244100,0x21223100,0x22321000,
  0x00001144,0x00014444,0x00144444,0x00144442,0x00144222,0x00144212,0x00132212,0x00012322,
  0x33ed1000,0x66861000,0xa9981000,0x66821000,0x1bb10000,0x1bb10000,0x1cc10000,0x01100000,
  0x0001ed33,0x00016666,0x0001899a,0x00012666,0x00001bb1,0x00001bb1,0x00001cc1,0x00000110,
  0x55110000,0x55551000,0x44444100,0x24444100,0x22244100,0x21244100,0x21223100,0x22321000,
  0x00001144,0x00014444,0x00144444,0x00144442,0x00144222,0x00144212,0x00132212,0x00012322,
  0x33ed1000,0x66861000,0xa9981000,0x66821000,0x1bb10000,0x1bb10000,0x1cc10000,0x01100000,
  0x0001ed33,0x00016666,0x0001899a,0x00012666,0x00001bb1,0x00001bb1,0x00001cc1,0x00000110,
  0x11000000,0x55110000,0x55551000,0x44444100,0x24444100,0x22244100,0x21244100,0x21223100,
  0x00000011,0x00001144,0x00014444,0x00144444,0x00144442,0x00144222,0x00144212,0x00132212,
  0x22321000,0x33e61000,0x66881000,0xa9921000,0x66810000,0x1bb10000,0x1cc10000,0x01100000,
  0x00012322,0x00001d33,0x0001e666,0x0001699a,0x00018666,0x00012cc1,0x00001110,0x00000000,
  0x55110000,0x55551000,0x44444100,0x24444100,0x22244100,0x21244100,0x21223100,0x22321000,
  0x00001144,0x00014444,0x00144444,0x00144442,0x00144222,0x00144212,0x00132212,0x00012322,
  0x33ed1000,0x66861000,0xa9981000,0x66821000,0x1bb10000,0x1bb10000,0x1cc10000,0x01100000,
  0x0001ed33,0x00016666,0x0001899a,0x00012666,0x00001bb1,0x00001bb1,0x00001cc1,0x00000110,
  0x55110000,0x55551000,0x44444100,0x44444100,0x44444100,0x44444100,0x44444100,0x22221000,
  0x00001144,0x00014444,0x00144444,0x00144444,0x00144444,0x00144444,0x00144444,0x00012222,
  0x33ed1000,0x66861000,0x99981000,0x66821000,0x1bb10000,0x1bb10000,0x1cc10000,0x01100000,
  0x0001ed33,0x00016666,0x00018999,0x00012666,0x00001bb1,0x00001bb1,0x00001cc1,0x00000110,
  0x11000000,0x55110000,0x55551000,0x44444100,0x44444100,0x44444100,0x44444100,0x44444100,
  0x00000011,0x00001144,0x00014444,0x00144444,0x00144444,0x00144444,0x00144444,0x00144444,
  0x22221000,0x33e10000,0x668d1000,0x99961000,0x66881000,0x1cc21000,0x01110000,0x00000000,
  0x00012222,0x00016d33,0x00018666,0x00012999,0x00001666,0x00001bb1,0x00001cc1,0x00000110,
  0x55110000,0x55551000,0x44444100,0x44444100,0x44444100,0x44444100,0x44444100,0x22221000,
  0x00001144,0x00014444,0x00144444,0x00144444,0x00144444,0x00144444,0x00144444,0x00012222,
  0x33ed1000,0x66861000,0x99981000,0x66821000,0x1bb10000,0x1bb10000,0x1cc10000,0x01100000,
  0x0001ed33,0x00016666,0x00018999,0x00012666,0x00001bb1,0x00001bb1,0x00001cc1,0x00000110,
  0x55110000,0x55551000,0x44444100,0x44444100,0x44444100,0x44444100,0x44444100,0x22221000,
  0x00001144,0x00014444,0x00144444,0x00144444,0x00144444,0x00144444,0x00144444,0x00012222,
  0x33ed1000,0x66861000,0x99981000,0x66821000,0x1bb10000,0x1bb10000,0x1cc10000,0x01100000,
  0x0001ed33,0x00016666,0x00018999,0x00012666,0x00001bb1,0x00001bb1,0x00001cc1,0x00000110,
  0x11000000,0x55110000,0x55551000,0x44444100,0x44444100,0x44444100,0x44444100,0x44444100,
  0x00000011,0x00001144,0x00014444,0x00144444,0x00144444,0x00144444,0x00144444,0x00144444,
  0x22221000,0x33e61000,0x66881000,0x99921000,0x66810000,0x1bb10000,0x1cc10000,0x01100000,
  0x00012222,0x00001d33,0x0001e666,0x00016999,0x00018666,0x00012cc1,0x00001110,0x00000000,
  0x55110000,0x55551000,0x44444100,0x44444100,0x44444100,0x44444100,0x44444100,0x22221000,
  0x00001144,0x00014444,0x00144444,0x00144444,0x00144444,0x00144444,0x00144444,0x00012222,
  0x33ed1000,0x66861000,0x99981000,0x66821000,0x1bb10000,0x1bb10000,0x1cc10000,0x01100000,
  0x0001ed33,0x00016666,0x00018999,0x00012666,0x00001bb1,0x00001bb1,0x00001cc1,0x00000110,
  0x55110000,0x55551000,0x44444100,0x44222100,0x22222100,0x22122100,0x22123100,0x22221000,
  0x00001144,0x00014444,0x00144444,0x00144444,0x00144442,0x00144442,0x00144442,0x00014432,
  0x33110000,0x66100000,0x9a100000,0x66100000,0xbb100000,0xbb100000,0xccc10000,0x11100000,
  0x00001833,0x00001867,0x00001967,0x00001822,0x000001bb,0x000001bb,0x000001cc,0x00000011,
  0x11000000,0x55110000,0x55551000,0x44444100,0x44222100,0x22222100,0x22122100,0x22123100,
  0x00000011,0x00001144,0x00014444,0x00144444,0x00144444,0x00144442,0x00144442,0x00144442,
  0x22221000,0x33110000,0x67100000,0x67110000,0x22bb1000,0x11ccc100,0x00111000,0x00000000,
  0x00014432,0x00001833,0x00001886,0x00001999,0x0001b886,0x0001bb11,0x0001cc10,0x00001100,
  0x55110000,0x55551000,0x44444100,0x44222100,0x22222100,0x22122100,0x22123100,0x22221000,
  0x00001144,0x00014444,0x00144444,0x00144444,0x00144442,0x00144442,0x00144442,0x00014432,
  0x33110000,0x66100000,0x9a100000,0x66100000,0x1bb10000,0x1bb10000,0x1ccc1000,0x01110000,
  0x00001833,0x00001867,0x00001967,0x00001822,0x00001bb1,0x00001bb1,0x00001cc1,0x00000110,
  0x55110000,0x55551000,0x44444100,0x44222100,0x22222100,0x22122100,0x22123100,0x22221000,
  0x00001144,0x00014444,0x00144444,0x00144444,0x00144442,0x00144442,0x00144442,0x00014432,
  0x33110000,0x66100000,0x9a100000,0x66100000,0xbb100000,0xbb100000,0xccc10000,0x11100000,
  0x00001833,0x00001867,0x00001967,0x00001822,0x000001bb,0x000001bb,0x000001cc,0x00000011,
  0x11000000,0x55110000,0x55551000,0x44444100,0x44222100,0x22222100,0x22122100,0x22123100,
  0x00000011,0x00001144,0x00014444,0x00144444,0x00144444,0x00144442,0x00144442,0x00144442,
  0x22221000,0x33110000,0x66100000,0x9a110000,0x66bb1000,0x11bb1000,0x01ccc100,0x00111000,
  0x00014432,0x00016733,0x00016786,0x00016799,0x00012286,0x0001cc11,0x00001100,0x00000000,
  0x55110000,0x55551000,0x44444100,0x44222100,0x22222100,0x22122100,0x22123100,0x22221000,
  0x00001144,0x00014444,0x00144444,0x00144444,0x00144442,0x00144442,0x00144442,0x00014432,
  0x33110000,0x66100000,0x9a100000,0x66100000,0x1bb10000,0x1bb10000,0x1ccc1000,0x01110000,
  0x00001833,0x00001867,0x00001967,0x00001822,0x00001bb1,0x00001bb1,0x00001cc1,0x00000110,
  0x55551000,0x44444100,0x24444100,0x22244100,0x21244100,0x21223100,0x22321000,0x33e81000,
  0x00014444,0x00144444,0x00144442,0x00144222,0x00144212,0x00132212,0x00012322,0x00018d33,
  0x66821000,0xa9910000,0x66810000,0x1bb10000,0x1bb10000,0x1cc10000,0x01100000,0x00000000,
  0x00012666,0x0000199a,0x00001666,0x00001bb1,0x00001bb1,0x00001cc1,0x00000110,0x00000000,
  0x00000000,0x11000000,0x55110000,0x55551000,0x44444100,0x24444100,0x22244100,0x21244100,
  0x00000000,0x00000011,0x00001144,0x00014444,0x00144444,0x00144442,0x00144222,0x00144212,
  0x21223100,0x22321000,0x33e10000,0x668d1000,0xa9961000,0x66881000,0x1bb21000,0x1cc10000,
  0x00132212,0x00012322,0x00001d33,0x0001e666,0x0001699a,0x00018666,0x00012bb1,0x00001cc1,
  0x55110000,0x55551000,0x44444100,0x24444100,0x22244100,0x21244100,0x21223100,0x22321000,
  0x00001144,0x00014444,0x00144444,0x00144442,0x00144222,0x00144212,0x00132212,0x00012322,
  0x33ed1000,0x66861000,0xa9981000,0x66821000,0x1bb10000,0x1bb10000,0x1cc10000,0x01100000,
  0x0001ed33,0x00016666,0x0001899a,0x00012666,0x00001bb1,0x00001bb1,0x00001cc1,0x00000110,
  0x11000000,0x55110000,0x55551000,0x44444100,0x44444100,0x44444100,0x44444100,0x44444100,
  0x00000011,0x00001144,0x00014444,0x00144444,0x00144444,0x00144444,0x00144444,0x00144444,
  0x22221000,0x33e81000,0x66821000,0x99910000,0x66810000,0x1bb10000,0x1bb10000,0x1cc10000,
  0x00012222,0x00018d33,0x00012666,0x00001999,0x00001666,0x00001bb1,0x00001bb1,0x00001cc1,
  0x55110000,0x55551000,0x44444100,0x44444100,0x44444100,0x44444100,0x44444100,0x22221000,
  0x00001144,0x00014444,0x00144444,0x00144444,0x00144444,0x00144444,0x00144444,0x00012222,
  0x33e10000,0x668d1000,0x99961000,0x66881000,0x1bb21000,0x1cc10000,0x01100000,0x00000000,
  0x00001d33,0x0001e666,0x00016999,0x00018666,0x00012bb1,0x00001cc1,0x00000110,0x00000000,
  0x55110000,0x55551000,0x44444100,0x44444100,0x44444100,0x44444100,0x44444100,0x22221000,
  0x00001144,0x00014444,0x00144444,0x00144444,0x00144444,0x00144444,0x00144444,0x00012222,
  0x33ed1000,0x66861000,0x99981000,0x66821000,0x1bb10000,0x1bb10000,0x1cc10000,0x01100000,
  0x0001ed33,0x00016666,0x00018999,0x00012666,0x00001bb1,0x00001bb1,0x00001cc1,0x00000110,
  0x51100000,0x55510000,0x44441000,0x42221000,0x22221000,0x21221000,0x21231000,0x22210000,
  0x00011445,0x00144445,0x01444444,0x01444444,0x01444422,0x01444422,0x01444422,0x00144322,
  0x31100000,0x71000000,0x71000000,0x21000000,0xbb100000,0xbb100000,0xccc10000,0x11100000,
  0x00018333,0x00018866,0x00019996,0x00018862,0x000011bb,0x000001bb,0x000001cc,0x00000011,
  0x11100000,0x45511000,0x45555100,0x44444410,0x44422210,0x22222210,0x22212210,0x22212310,
  0x00000001,0x00000114,0x00001444,0x00014444,0x00014444,0x00014444,0x00014444,0x00014444,
  0x22222100,0x33311000,0x66610000,0x99a10000,0x66610000,0xbb100000,0xccc10000,0x11100000,
  0x00001443,0x00000163,0x00000167,0x00000167,0x00000122,0x000001bb,0x000001cc,0x00000011,
  0x55110000,0x55551000,0x44444100,0x44222100,0x22222100,0x22122100,0x22123100,0x22221000,
  0x00001144,0x00014444,0x00144444,0x00144444,0x00144442,0x00144442,0x00144442,0x00014432,
  0x33110000,0x66100000,0x9a100000,0x66100000,0xbb100000,0xbb100000,0xccc10000,0x11100000,
  0x00001833,0x00001867,0x00001967,0x00001822,0x000001bb,0x000001bb,0x000001cc,0x00000011,
  0x00000000,0x00000000,0x00000000,0x00000000,0x10000000,0x61100000,0x44410000,0x44441000,
  0x00000000,0x00000000,0x00000000,0x00000000,0x00000001,0x00000116,0x00001444,0x00014444,
  0x44446100,0x44446100,0x44466100,0x22268100,0xcc261000,0xcc210000,0x61100000,0x10000000,
  0x00164444,0x00164444,0x00166444,0x00166666,0x0001666c,0x0000166c,0x00000116,0x00000001,
  0x00000000,0x00000000,0x00000000,0x00000000,0x10000000,0x61100000,0x77710000,0x77771000,
  0x00000000,0x00000000,0x00000000,0x00000000,0x00000001,0x00000116,0x00001777,0x00017777,
  0x77776100,0x77776100,0x77766100,0x68666100,0x66661000,0x66610000,0x61100000,0x10000000,
  0x00167777,0x01222777,0x01222777,0x01222666,0x0011ccc6,0x0001ccc6,0x00001116,0x00000001,
  0x00000000,0x00000000,0x00000000,0x00000000,0x10000000,0x61100000,0x44410000,0x44441000,
  0x00000000,0x00000000,0x00000000,0x00000000,0x00011101,0x00122216,0x00122244,0x00122244,
  0x44446100,0x44446100,0x44466100,0x66666100,0xcc661000,0xcc610000,0x61100000,0x10000000,
  0x00164444,0x00164444,0x00166444,0x00166686,0x0001666c,0x0000166c,0x00000116,0x00000001,
  0x00000000,0x00000000,0x00000000,0x00000000,0x10000000,0x61100000,0x22210000,0x22271000,
  0x00000000,0x00000000,0x00000000,0x00000000,0x00000001,0x00000116,0x00001777,0x00017777,
  0x22276100,0x77776100,0x77766100,0x66866100,0x66661000,0x66610000,0x61100000,0x10000000,
  0x00167777,0x00167777,0x00166777,0x00166666,0x0001ccc6,0x0001ccc6,0x00001116,0x00000001,
  0x55551000,0x44444100,0x24444100,0x22244100,0x21244100,0x21223100,0x22321000,0x33e61000,
  0x00014444,0x00144444,0x00144442,0x00144222,0x00144212,0x00132212,0x00012322,0x00016d33,
  0x66881000,0xa9921000,0x66810000,0x1bb10000,0x1bb10000,0x1cc10000,0x01100000,0x00000000,
  0x00018666,0x0001299a,0x00001666,0x00001bb1,0x00001bb1,0x00001cc1,0x00000110,0x00000000,
  0x11000000,0x55110000,0x55551000,0x44444100,0x44444100,0x44444100,0x44444100,0x44444100,
  0x00000011,0x00001144,0x00014444,0x00144444,0x00144444,0x00144444,0x00144444,0x00144444,
  0x22221000,0x33e61000,0x66881000,0x99921000,0x66810000,0x1bb10000,0x1bb10000,0x1cc10000,
  0x00012222,0x00016d33,0x00018666,0x00012999,0x00001666,0x00001bb1,0x00001bb1,0x00001cc1,
  0x51100000,0x55510000,0x44441000,0x42221000,0x22221000,0x21221000,0x21231000,0x22210000,
  0x00011445,0x00144445,0x01444444,0x01444444,0x01444422,0x01444422,0x01444422,0x00144322,
  0x31100000,0x61000000,0xa1000000,0x61000000,0xbb100000,0xbb100000,0xccc10000,0x11100000,
  0x00018333,0x00018867,0x00019967,0x00018822,0x000011bb,0x000001bb,0x000001cc,0x00000011,
  0x55551000,0x44444100,0x24444100,0x22244100,0x21244100,0x21223100,0x22321000,0x33e61000,
  0x00014444,0x00144444,0x00144442,0x00144222,0x00144212,0x00132212,0x00012322,0x00016d33,
  0x66881000,0xa9921000,0x66810000,0x1bb10000,0x1bb10000,0x1cc10000,0x01100000,0x00000000,
  0x00018666,0x0001299a,0x00001666,0x00001bb1,0x00001bb1,0x00001cc1,0x00000110,0x00000000,
  0x00000000,0x00000000,0x00000000,0x00000000,0x00000000,0x00000000,0x00000000,0x10000010,
  0x00000000,0x00000000,0x00000000,0x00000000,0x00000000,0x00111110,0x01422231,0x15422222,
  0x111111c1,0x36a6bbc1,0x3696bbc1,0x3772bbc1,0x3662bbc1,0x88981110,0x11110000,0x00000000,
  0x15422112,0x55442222,0x55442222,0x44442222,0x44444443,0x14444444,0x14444444,0x01444441,
  0x00000000,0x00000000,0x00000000,0x00000000,0x00000000,0x00000000,0x00000000,0x00000000,
  0x00000000,0x00000000,0x00000000,0x00000000,0x00000000,0x00000000,0x00000000,0x00000000,
  0x00000000,0x00000000,0x00000000,0x00000000,0x11110000,0x66b10000,0x62b10000,0x11000000,
  0x00000000,0x00000000,0x00000000,0x00001221,0x00005212,0x00005422,0x00004443,0x00004444,
};

const u32 hero_tiles_1[1184] __attribute__((aligned(4))) = {
  0xdd110000,0x9a9a1100,0xdeeede10,0xdddddd10,0x22244100,0x21244100,0x21223100,0x22321000,
  0x000011dd,0x00119a9a,0x01eddddd,0x01dddddd,0x00144222,0x00144212,0x00132212,0x00012322,
  0x33861000,0x66861000,0xa9981000,0x66821000,0x66881000,0x86861000,0x11110000,0x00000000,
  0x00016633,0x00016666,0x0001899a,0x00012666,0x00016666,0x00018686,0x00001111,0x00000000,
  0xe1000000,0xdd110000,0x9a9a1100,0xdeeede10,0xdddddd10,0x22244100,0x21244100,0x21223100,
  0x000001ee,0x000011dd,0x00119a9a,0x01eddddd,0x01dddddd,0x00144222,0x00144212,0x00132212,
  0x22321000,0x33810000,0x66861000,0xa9961000,0x66881000,0x66881000,0x86861000,0x11110000,
  0x00012322,0x00016633,0x00018666,0x0001299a,0x00001666,0x00016666,0x00018686,0x00001111,
  0xdd110000,0x9a9a1100,0xdeeede10,0xdddddd10,0x22244100,0x21244100,0x21223100,0x22321000,
  0x000011dd,0x00119a9a,0x01eddddd,0x01dddddd,0x00144222,0x00144212,0x00132212,0x00012322,
  0x33861000,0x66861000,0xa9981000,0x66821000,0x66881000,0x86861000,0x11110000,0x00000000,
  0x00016633,0x00016666,0x0001899a,0x00012666,0x00016666,0x00018686,0x00001111,0x00000000,
  0xdd110000,0x9a9a1100,0xdeeede10,0xdddddd10,0x22244100,0x21244100,0x21223100,0x22321000,
  0x000011dd,0x00119a9a,0x01eddddd,0x01dddddd,0x00144222,0x00144212,0x00132212,0x00012322,
  0x33861000,0x66861000,0xa9981000,0x66821000,0x66881000,0x86861000,0x11110000,0x00000000,
  0x00016633,0x00016666,0x0001899a,0x00012666,0x00016666,0x00018686,0x00001111,0x00000000,
  0xe1000000,0xdd110000,0x9a9a1100,0xdeeede10,0xdddddd10,0x22244100,0x21244100,0x21223100,
  0x000001ee,0x000011dd,0x00119a9a,0x01eddddd,0x01dddddd,0x00144222,0x00144212,0x00132212,
  0x22321000,0x33861000,0x66881000,0xa9921000,0x66810000,0x66881000,0x86861000,0x11110000,
  0x00012322,0x00001633,0x00016666,0x0001699a,0x00018666,0x00016666,0x00018686,0x00001111,
  0xdd110000,0x9a9a1100,0xdeeede10,0xdddddd10,0x22244100,0x21244100,0x21223100,0x22321000,
  0x000011dd,0x00119a9a,0x01eddddd,0x01dddddd,0x00144222,0x00144212,0x00132212,0x00012322,
  0x33861000,0x66861000,0xa9981000,0x66821000,0x66881000,0x86861000,0x11110000,0x00000000,
  0x00016633,0x00016666,0x0001899a,0x00012666,0x00016666,0x00018686,0x00001111,0x00000000,
  0xdd110000,0x9a9a1100,0xdeeede10,0xdddddd10,0x44444100,0x44444100,0x44444100,0x22221000,
  0x000011dd,0x00119a9a,0x01eddddd,0x01dddddd,0x00144444,0x00144444,0x00144444,0x00012222,
  0x33861000,0x66861000,0x99981000,0x66821000,0x66881000,0x86861000,0x11110000,0x00000000,
  0x00016633,0x00016666,0x00018999,0x00012666,0x00016666,0x00018686,0x00001111,0x00000000,
  0xe1000000,0xdd110000,0x9a9a1100,0xdeeede10,0xdddddd10,0x44444100,0x44444100,0x44444100,
  0x000001ee,0x000011dd,0x00119a9a,0x01eddddd,0x01dddddd,0x00144444,0x00144444,0x00144444,
  0x22221000,0x33810000,0x66861000,0x99961000,0x66881000,0x66881000,0x86861000,0x11110000,
  0x00012222,0x00016633,0x00018666,0x00012999,0x00001666,0x00016666,0x00018686,0x00001111,
  0xdd110000,0x9a9a1100,0xdeeede10,0xdddddd10,0x44444100,0x44444100,0x44444100,0x22221000,
  0x000011dd,0x00119a9a,0x01eddddd,0x01dddddd,0x00144444,0x00144444,0x00144444,0x00012222,
  0x33861000,0x66861000,0x99981000,0x66821000,0x66881000,0x86861000,0x11110000,0x00000000,
  0x00016633,0x00016666,0x00018999,0x00012666,0x00016666,0x00018686,0x00001111,0x00000000,
  0xdd110000,0x9a9a1100,0xdeeede10,0xdddddd10,0x44444100,0x44444100,0x44444100,0x22221000,
  0x000011dd,0x00119a9a,0x01eddddd,0x01dddddd,0x00144444,0x00144444,0x00144444,0x00012222,
  0x33861000,0x66861000,0x99981000,0x66821000,0x66881000,0x86861000,0x11110000,0x00000000,
  0x00016633,0x00016666,0x00018999,0x00012666,0x00016666,0x00018686,0x00001111,0x00000000,
  0xe1000000,0xdd110000,0x9a9a1100,0xdeeede10,0xdddddd10,0x44444100,0x44444100,0x44444100,
  0x000001ee,0x000011dd,0x00119a9a,0x01eddddd,0x01dddddd,0x00144444,0x00144444,0x00144444,
  0x22221000,0x33861000,0x66881000,0x99921000,0x66810000,0x66881000,0x86861000,0x11110000,
  0x00012222,0x00001633,0x00016666,0x00016999,0x00018666,0x00016666,0x00018686,0x00001111,
  0xdd110000,0x9a9a1100,0xdeeede10,0xdddddd10,0x44444100,0x44444100,0x44444100,0x22221000,
  0x000011dd,0x00119a9a,0x01eddddd,0x01dddddd,0x00144444,0x00144444,0x00144444,0x00012222,
  0x33861000,0x66861000,0x99981000,0x66821000,0x66881000,0x86861000,0x11110000,0x00000000,
  0x00016633,0x00016666,0x00018999,0x00012666,0x00016666,0x00018686,0x00001111,0x00000000,
  0xdd110000,0x9a9a1100,0xdeeede10,0xdddddd10,0x22222100,0x22122100,0x22123100,0x22221000,
  0x000011dd,0x00119a9a,0x01eddddd,0x01dddddd,0x00144442,0x00144442,0x00144442,0x00014432,
  0x33110000,0x66100000,0x9a100000,0x66100000,0x66610000,0x66610000,0x11100000,0x00000000,
  0x00001833,0x00001867,0x00001967,0x00001822,0x00018886,0x00018886,0x00001111,0x00000000,
  0xe1000000,0xdd110000,0x9a9a1100,0xdeeede10,0xdddddd10,0x22222100,0x22122100,0x22123100,
  0x000001ee,0x000011dd,0x00119a9a,0x01eddddd,0x01dddddd,0x00144442,0x00144442,0x00144442,
  0x22221000,0x33110000,0x67100000,0x67100000,0x22100000,0x66610000,0x66610000,0x11100000,
  0x00014432,0x00001833,0x00001886,0x00001999,0x00001886,0x00018886,0x00018886,0x00001111,
  0xdd110000,0x9a9a1100,0xdeeede10,0xdddddd10,0x22222100,0x22122100,0x22123100,0x22221000,
  0x000011dd,0x00119a9a,0x01eddddd,0x01dddddd,0x00144442,0x00144442,0x00144442,0x00014432,
  0x33110000,0x66100000,0x9a100000,0x66100000,0x66610000,0x66610000,0x11100000,0x00000000,
  0x00001833,0x00001867,0x00001967,0x00001822,0x00018886,0x00018886,0x00001111,0x00000000,
  0xdd110000,0x9a9a1100,0xdeeede10,0xdddddd10,0x22222100,0x22122100,0x22123100,0x22221000,
  0x000011dd,0x00119a9a,0x01eddddd,0x01dddddd,0x00144442,0x00144442,0x00144442,0x00014432,
  0x33110000,0x66100000,0x9a100000,0x66100000,0x66610000,0x66610000,0x11100000,0x00000000,
  0x00001833,0x00001867,0x00001967,0x00001822,0x00018886,0x00018886,0x00001111,0x00000000,
  0xe1000000,0xdd110000,0x9a9a1100,0xdeeede10,0xdddddd10,0x22222100,0x22122100,0x22123100,
  0x000001ee,0x000011dd,0x00119a9a,0x01eddddd,0x01dddddd,0x00144442,0x00144442,0x00144442,
  0x22221000,0x33110000,0x66100000,0x9a100000,0x66100000,0x66610000,0x66610000,0x11100000,
  0x00014432,0x00016733,0x00016786,0x00016799,0x00012286,0x00018886,0x00018886,0x00001111,
  0xdd110000,0x9a9a1100,0xdeeede10,0xdddddd10,0x22222100,0x22122100,0x22123100,0x22221000,
  0x000011dd,0x00119a9a,0x01eddddd,0x01dddddd,0x00144442,0x00144442,0x00144442,0x00014432,
  0x33110000,0x66100000,0x9a100000,0x66100000,0x66610000,0x66610000,0x11100000,0x00000000,
  0x00001833,0x00001867,0x00001967,0x00001822,0x00018886,0x00018886,0x00001111,0x00000000,
  0x9a9a1100,0xdeeede10,0xdddddd10,0x22244100,0x21244100,0x21223100,0x22321000,0x33881000,
  0x00119a9a,0x01eddddd,0x01dddddd,0x00144222,0x00144212,0x00132212,0x00012322,0x00018633,
  0x66821000,0xa9910000,0x66810000,0x66881000,0x86861000,0x11110000,0x00000000,0x00000000,
  0x00012666,0x0000199a,0x00001666,0x00016666,0x00018686,0x00001111,0x00000000,0x00000000,
  0x10000000,0xe1000000,0xdd110000,0x9a9a1100,0xdeeede10,0xdddddd10,0x22244100,0x21244100,
  0x000001dd,0x000001ee,0x000011dd,0x00119a9a,0x01eddddd,0x01dddddd,0x00144222,0x00144212,
  0x21223100,0x22321000,0x33810000,0x66861000,0xa9961000,0x66881000,0x66881000,0x86861000,
  0x00132212,0x00012322,0x00001633,0x00016666,0x0001699a,0x00018666,0x00016666,0x00018686,
  0xdd110000,0x9a9a1100,0xdeeede10,0xdddddd10,0x22244100,0x21244100,0x21223100,0x22321000,
  0x000011dd,0x00119a9a,0x01eddddd,0x01dddddd,0x00144222,0x00144212,0x00132212,0x00012322,
  0x33861000,0x66861000,0xa9981000,0x66821000,0x66881000,0x86861000,0x11110000,0x00000000,
  0x00016633,0x00016666,0x0001899a,0x00012666,0x00016666,0x00018686,0x00001111,0x00000000,
  0xe1000000,0xdd110000,0x9a9a1100,0xdeeede10,0xdddddd10,0x44444100,0x44444100,0x44444100,
  0x000001ee,0x000011dd,0x00119a9a,0x01eddddd,0x01dddddd,0x00144444,0x00144444,0x00144444,
  0x22221000,0x33881000,0x66821000,0x99910000,0x66810000,0x66881000,0x86861000,0x11110000,
  0x00012222,0x00018633,0x00012666,0x00001999,0x00001666,0x00016666,0x00018686,0x00001111,
  0xdd110000,0x9a9a1100,0xdeeede10,0xdddddd10,0x44444100,0x44444100,0x44444100,0x22221000,
  0x000011dd,0x00119a9a,0x01eddddd,0x01dddddd,0x00144444,0x00144444,0x00144444,0x00012222,
  0x33810000,0x66861000,0x99961000,0x66881000,0x66881000,0x86861000,0x11110000,0x00000000,
  0x00001633,0x00016666,0x00016999,0x00018666,0x00016666,0x00018686,0x00001111,0x00000000,
  0xdd110000,0x9a9a1100,0xdeeede10,0xdddddd10,0x44444100,0x44444100,0x44444100,0x22221000,
  0x000011dd,0x00119a9a,0x01eddddd,0x01dddddd,0x00144444,0x00144444,0x00144444,0x00012222,
  0x33861000,0x66861000,0x99981000,0x66821000,0x66881000,0x86861000,0x11110000,0x00000000,
  0x00016633,0x00016666,0x00018999,0x00012666,0x00016666,0x00018686,0x00001111,0x00000000,
  0xd1100000,0x9a911000,0xdeeed100,0xddddd100,0x22221000,0x21221000,0x21231000,0x22210000,
  0x00011ddd,0x011a9a9a,0x1eeddddd,0x1ddddddd,0x01444422,0x01444422,0x01444422,0x00144322,
  0x31100000,0x71000000,0x71000000,0x21000000,0x66100000,0x66100000,0x11000000,0x00000000,
  0x00018333,0x00018866,0x00019996,0x00018862,0x00188866,0x00188866,0x00011111,0x00000000,
  0xee100000,0xddd11000,0x9a9a9110,0xdeeeeee1,0xddddddd1,0x22222210,0x22212210,0x22212310,
  0x0000001e,0x0000011d,0x00011a9a,0x001deddd,0x001ddddd,0x00014444,0x00014444,0x00014444,
  0x22222100,0x33311000,0x66610000,0x99a10000,0x66610000,0x66661000,0x66661000,0x11110000,
  0x00001443,0x00000163,0x00000167,0x00000167,0x00000122,0x00001888,0x00001888,0x00000111,
  0xdd110000,0x9a9a1100,0xdeeede10,0xdddddd10,0x22222100,0x22122100,0x22123100,0x22221000,
  0x000011dd,0x00119a9a,0x01eddddd,0x01dddddd,0x00144442,0x00144442,0x00144442,0x00014432,
  0x33110000,0x66100000,0x9a100000,0x66100000,0x66610000,0x66610000,0x11100000,0x00000000,
  0x00001833,0x00001867,0x00001967,0x00001822,0x00018886,0x00018886,0x00001111,0x00000000,
  0x00000000,0x00000000,0x00000000,0x00000000,0x10000000,0x61100000,0x44410000,0x44441000,
  0x00000000,0x00000000,0x00000000,0x00000000,0x00000001,0x00000116,0x00001444,0x00014444,
  0x44446100,0x44446100,0x44466100,0x22268100,0xcc261000,0xcc210000,0x61100000,0x10000000,
  0x00164444,0x00164444,0x00166444,0x00166666,0x0001666c,0x0000166c,0x00000116,0x00000001,
  0x00000000,0x00000000,0x00000000,0x00000000,0x10000000,0x61100000,0x77710000,0x77771000,
  0x00000000,0x00000000,0x00000000,0x00000000,0x00000001,0x00000116,0x00001777,0x00017777,
  0x77776100,0x77776100,0x77766100,0x68666100,0x66661000,0x66610000,0x61100000,0x10000000,
  0x00167777,0x01222777,0x01222777,0x01222666,0x0011ccc6,0x0001ccc6,0x00001116,0x00000001,
  0x00000000,0x00000000,0x00000000,0x00000000,0x10000000,0x61100000,0x44410000,0x44441000,
  0x00000000,0x00000000,0x00000000,0x00000000,0x00011101,0x00122216,0x00122244,0x00122244,
  0x44446100,0x44446100,0x44466100,0x66666100,0xcc661000,0xcc610000,0x61100000,0x10000000,
  0x00164444,0x00164444,0x00166444,0x00166686,0x0001666c,0x0000166c,0x00000116,0x00000001,
  0x00000000,0x00000000,0x00000000,0x00000000,0x10000000,0x61100000,0x22210000,0x22271000,
  0x00000000,0x00000000,0x00000000,0x00000000,0x00000001,0x00000116,0x00001777,0x00017777,
  0x22276100,0x77776100,0x77766100,0x66866100,0x66661000,0x66610000,0x61100000,0x10000000,
  0x00167777,0x00167777,0x00166777,0x00166666,0x0001ccc6,0x0001ccc6,0x00001116,0x00000001,
  0x9a9a1100,0xdeeede10,0xdddddd10,0x22244100,0x21244100,0x21223100,0x22321000,0x33861000,
  0x00119a9a,0x01eddddd,0x01dddddd,0x00144222,0x00144212,0x00132212,0x00012322,0x00016633,
  0x66881000,0xa9921000,0x66810000,0x66881000,0x86861000,0x11110000,0x00000000,0x00000000,
  0x00018666,0x0001299a,0x00001666,0x00016666,0x00018686,0x00001111,0x00000000,0x00000000,
  0xe1000000,0xdd110000,0x9a9a1100,0xdeeede10,0xdddddd10,0x44444100,0x44444100,0x44444100,
  0x000001ee,0x000011dd,0x00119a9a,0x01eddddd,0x01dddddd,0x00144444,0x00144444,0x00144444,
  0x22221000,0x33861000,0x66881000,0x99921000,0x66810000,0x66881000,0x86861000,0x11110000,
  0x00012222,0x00016633,0x00018666,0x00012999,0x00001666,0x00016666,0x00018686,0x00001111,
  0xd1100000,0x9a911000,0xdeeed100,0xddddd100,0x22221000,0x21221000,0x21231000,0x22210000,
  0x00011ddd,0x011a9a9a,0x1eeddddd,0x1ddddddd,0x01444422,0x01444422,0x01444422,0x00144322,
  0x31100000,0x61000000,0xa1000000,0x61000000,0x66100000,0x66100000,0x11000000,0x00000000,
  0x00018333,0x00018867,0x00019967,0x00018822,0x00188866,0x00188866,0x00011111,0x00000000,
  0x9a9a1100,0xdeeede10,0xdddddd10,0x22244100,0x21244100,0x21223100,0x22321000,0x33861000,
  0x00119a9a,0x01eddddd,0x01dddddd,0x00144222,0x00144212,0x00132212,0x00012322,0x00016633,
  0x66881000,0xa9921000,0x66810000,0x66881000,0x86861000,0x11110000,0x00000000,0x00000000,
  0x00018666,0x0001299a,0x00001666,0x00016666,0x00018686,0x00001111,0x00000000,0x00000000,
  0x00000000,0x00000000,0x00000000,0x00000000,0x00000000,0x00000000,0x00000000,0x10001100,
  0x00000000,0x00000000,0x00000000,0x00000000,0x00110000,0x01ed1110,0x01dd2231,0x1aed2222,
  0x11116610,0x36a66610,0x36966610,0x37726610,0x36628810,0x88988810,0x11118810,0x00001100,
  0x19ed2112,0xdaed2222,0xd9dd2222,0xdadd2222,0xd9dd4443,0x1add4444,0x19dd4444,0x01dd4441,
  0x00000000,0x00000000,0x00000000,0x00000000,0x00000000,0x00000000,0x00000000,0x00000000,
  0x00000000,0x00000000,0x00000000,0x00000000,0x00000000,0x00000000,0x00000000,0x00000000,
  0x00000000,0x00000000,0x00000000,0x00000000,0x11600000,0x66600000,0x62800000,0x11800000,
  0x00000000,0x00000000,0x00000100,0x00001d21,0x00009d12,0x00009d22,0x00009d43,0x00009d44,
};

const u32 hero_tiles_2[1184] __attribute__((aligned(4))) = {
  0x55110000,0x55551000,0xedddd100,0x2eddd100,0x22244100,0x21244100,0x21223100,0x22321000,
  0x001a11ed,0x0001ddde,0x001edddd,0x001dedd2,0x00144222,0x00144212,0x00132212,0x00012322,
  0x33861000,0x66861000,0xa9981000,0x66821000,0x1bb10000,0x1bb10000,0x1cc10000,0x01100000,
  0x00016633,0x00016666,0x0001899a,0x00012666,0x00001bb1,0x00001bb1,0x00001cc1,0x00000110,
  0x11000000,0x55110000,0x55551000,0xedddd100,0x2eddd100,0x22244100,0x21244100,0x21223100,
  0x001a1011,0x001a11ed,0x0001ddde,0x001edddd,0x001dedd2,0x00144222,0x00144212,0x00132212,
  0x22321000,0x33810000,0x66861000,0xa9961000,0x66881000,0x1cc21000,0x01110000,0x00000000,
  0x00012322,0x00016633,0x00018666,0x0001299a,0x00001666,0x00001bb1,0x00001cc1,0x00000110,
  0x55110000,0x55551000,0xedddd100,0x2eddd100,0x22244100,0x21244100,0x21223100,0x22321000,
  0x001a11ed,0x0001ddde,0x001edddd,0x001dedd2,0x00144222,0x00144212,0x00132212,0x00012322,
  0x33861000,0x66861000,0xa9981000,0x66821000,0x1bb10000,0x1bb10000,0x1cc10000,0x01100000,
  0x00016633,0x00016666,0x0001899a,0x00012666,0x00001bb1,0x00001bb1,0x00001cc1,0x00000110,
  0x55110000,0x55551000,0xedddd100,0x2eddd100,0x22244100,0x21244100,0x21223100,0x22321000,
  0x001a11ed,0x0001ddde,0x001edddd,0x001dedd2,0x00144222,0x00144212,0x00132212,0x00012322,
  0x33861000,0x66861000,0xa9981000,0x66821000,0x1bb10000,0x1bb10000,0x1cc10000,0x01100000,
  0x00016633,0x00016666,0x0001899a,0x00012666,0x00001bb1,0x00001bb1,0x00001cc1,0x00000110,
  0x11000000,0x55110000,0x55551000,0xedddd100,0x2eddd100,0x22244100,0x21244100,0x21223100,
  0x001a1011,0x001a11ed,0x0001ddde,0x001edddd,0x001dedd2,0x00144222,0x00144212,0x00132212,
  0x22321000,0x33861000,0x66881000,0xa9921000,0x66810000,0x1bb10000,0x1cc10000,0x01100000,
  0x00012322,0x00001633,0x00016666,0x0001699a,0x00018666,0x00012cc1,0x00001110,0x00000000,
  0x55110000,0x55551000,0xedddd100,0x2eddd100,0x22244100,0x21244100,0x21223100,0x22321000,
  0x001a11ed,0x0001ddde,0x001edddd,0x001dedd2,0x00144222,0x00144212,0x00132212,0x00012322,
  0x33861000,0x66861000,0xa9981000,0x66821000,0x1bb10000,0x1bb10000,0x1cc10000,0x01100000,
  0x00016633,0x00016666,0x0001899a,0x00012666,0x00001bb1,0x00001bb1,0x00001cc1,0x00000110,
  0x55110000,0x55551000,0xedddd100,0xdeddd100,0x44444100,0x44444100,0x44444100,0x22221000,
  0x001a11ed,0x0001ddde,0x001edddd,0x001deddd,0x00144444,0x00144444,0x00144444,0x00012222,
  0x33d61000,0xedd61000,0xded81000,0xdde21000,0xddd10000,0x1bb10000,0x1cc10000,0x01100000,
  0x00016d33,0x00016ddd,0x00018edd,0x00012ded,0x00001dde,0x00001bb1,0x00001cc1,0x00000110,
  0x11000000,0x55110000,0x55551000,0xedddd100,0xdeddd100,0x44444100,0x44444100,0x44444100,
  0x001a1011,0x001a11ed,0x0001ddde,0x001edddd,0x001deddd,0x00144444,0x00144444,0x00144444,
  0x22221000,0x33d10000,0xedd61000,0xded61000,0xdde81000,0xddd21000,0x11110000,0x00000000,
  0x00012222,0x00016d33,0x00018ddd,0x00012edd,0x00001ded,0x00001dde,0x00001cc1,0x00000110,
  0x55110000,0x55551000,0xedddd100,0xdeddd100,0x44444100,0x44444100,0x44444100,0x22221000,
  0x001a11ed,0x0001ddde,0x001edddd,0x001deddd,0x00144444,0x00144444,0x00144444,0x00012222,
  0x33d61000,0xedd61000,0xded81000,0xdde21000,0xddd10000,0x1bb10000,0x1cc10000,0x01100000,
  0x00016d33,0x00016ddd,0x00018edd,0x00012ded,0x00001dde,0x00001bb1,0x00001cc1,0x00000110,
  0x55110000,0x55551000,0xedddd100,0xdeddd100,0x44444100,0x44444100,0x44444100,0x22221000,
  0x001a11ed,0x0001ddde,0x001edddd,0x001deddd,0x00144444,0x00144444,0x00144444,0x00012222,
  0x33d61000,0xedd61000,0xded81000,0xdde21000,0xddd10000,0x1bb10000,0x1cc10000,0x01100000,
  0x00016d33,0x00016ddd,0x00018edd,0x00012ded,0x00001dde,0x00001bb1,0x00001cc1,0x00000110,
  0x11000000,0x55110000,0x55551000,0xedddd100,0xdeddd100,0x44444100,0x44444100,0x44444100,
  0x001a1011,0x001a11ed,0x0001ddde,0x001edddd,0x001deddd,0x00144444,0x00144444,0x00144444,
  0x22221000,0x33d61000,0xedd81000,0xded21000,0xdde10000,0xddd10000,0x1cc10000,0x01100000,
  0x00012222,0x00001d33,0x00016ddd,0x00016edd,0x00018ded,0x00012dde,0x00001111,0x00000000,
  0x55110000,0x55551000,0xedddd100,0xdeddd100,0x44444100,0x44444100,0x44444100,0x22221000,
  0x001a11ed,0x0001ddde,0x001edddd,0x001deddd,0x00144444,0x00144444,0x00144444,0x00012222,
  0x33d61000,0xedd61000,0xded81000,0xdde21000,0xddd10000,0x1bb10000,0x1cc10000,0x01100000,
  0x00016d33,0x00016ddd,0x00018edd,0x00012ded,0x00001dde,0x00001bb1,0x00001cc1,0x00000110,
  0x55110000,0x55551000,0xedddd100,0xde222100,0x22222100,0x22122100,0x22123100,0x22221000,
  0x001a11ed,0x0001ddde,0x001edddd,0x001deddd,0x00144442,0x00144442,0x00144442,0x00014432,
  0x33110000,0x66100000,0x9a100000,0x66100000,0xbb100000,0xbb100000,0xccc10000,0x11100000,
  0x00001833,0x00001867,0x00001967,0x00001822,0x000001bb,0x000001bb,0x000001cc,0x00000011,
  0x11000000,0x55110000,0x55551000,0xedddd100,0xde222100,0x22222100,0x22122100,0x22123100,
  0x001a1011,0x001a11ed,0x0001ddde,0x001edddd,0x001deddd,0x00144442,0x00144442,0x00144442,
  0x22221000,0x33110000,0x67100000,0x67110000,0x22bb1000,0x11ccc100,0x00111000,0x00000000,
  0x00014432,0x00001833,0x00001886,0x00001999,0x0001b886,0x0001bb11,0x0001cc10,0x00001100,
  0x55110000,0x55551000,0xedddd100,0xde222100,0x22222100,0x22122100,0x22123100,0x22221000,
  0x001a11ed,0x0001ddde,0x001edddd,0x001deddd,0x00144442,0x00144442,0x00144442,0x00014432,
  0x33110000,0x66100000,0x9a100000,0x66100000,0x1bb10000,0x1bb10000,0x1ccc1000,0x01110000,
  0x00001833,0x00001867,0x00001967,0x00001822,0x00001bb1,0x00001bb1,0x00001cc1,0x00000110,
  0x55110000,0x55551000,0xedddd100,0xde222100,0x22222100,0x22122100,0x22123100,0x22221000,
  0x001a11ed,0x0001ddde,0x001edddd,0x001deddd,0x00144442,0x00144442,0x00144442,0x00014432,
  0x33110000,0x66100000,0x9a100000,0x66100000,0xbb100000,0xbb100000,0xccc10000,0x11100000,
  0x00001833,0x00001867,0x00001967,0x00001822,0x000001bb,0x000001bb,0x000001cc,0x00000011,
  0x11000000,0x55110000,0x55551000,0xedddd100,0xde222100,0x22222100,0x22122100,0x22123100,
  0x001a1011,0x001a11ed,0x0001ddde,0x001edddd,0x001deddd,0x00144442,0x00144442,0x00144442,
  0x22221000,0x33110000,0x66100000,0x9a110000,0x66bb1000,0x11bb1000,0x01ccc100,0x00111000,
  0x00014432,0x00016733,0x00016786,0x00016799,0x00012286,0x0001cc11,0x00001100,0x00000000,
  0x55110000,0x55551000,0xedddd100,0xde222100,0x22222100,0x22122100,0x22123100,0x22221000,
  0x001a11ed,0x0001ddde,0x001edddd,0x001deddd,0x00144442,0x00144442,0x00144442,0x00014432,
  0x33110000,0x66100000,0x9a100000,0x66100000,0x1bb10000,0x1bb10000,0x1ccc1000,0x01110000,
  0x00001833,0x00001867,0x00001967,0x00001822,0x00001bb1,0x00001bb1,0x00001cc1,0x00000110,
  0x55551000,0xedddd100,0x2eddd100,0x22244100,0x21244100,0x21223100,0x22321000,0x33881000,
  0x0001ddde,0x001edddd,0x001dedd2,0x00144222,0x00144212,0x00132212,0x00012322,0x00018633,
  0x66821000,0xa9910000,0x66810000,0x1bb10000,0x1bb10000,0x1cc10000,0x01100000,0x00000000,
  0x00012666,0x0000199a,0x00001666,0x00001bb1,0x00001bb1,0x00001cc1,0x00000110,0x00000000,
  0x00000000,0x11000000,0x55110000,0x55551000,0xedddd100,0x2eddd100,0x22244100,0x21244100,
  0x01f10000,0x001a1011,0x001a11ed,0x0001ddde,0x001edddd,0x001dedd2,0x00144222,0x00144212,
  0x21223100,0x22321000,0x33810000,0x66861000,0xa9961000,0x66881000,0x1bb21000,0x1cc10000,
  0x00132212,0x00012322,0x00001633,0x00016666,0x0001699a,0x00018666,0x00012bb1,0x00001cc1,
  0x55110000,0x55551000,0xedddd100,0x2eddd100,0x22244100,0x21244100,0x21223100,0x22321000,
  0x001a11ed,0x0001ddde,0x001edddd,0x001dedd2,0x00144222,0x00144212,0x00132212,0x00012322,
  0x33861000,0x66861000,0xa9981000,0x66821000,0x1bb10000,0x1bb10000,0x1cc10000,0x01100000,
  0x00016633,0x00016666,0x0001899a,0x00012666,0x00001bb1,0x00001bb1,0x00001cc1,0x00000110,
  0x11000000,0x55110000,0x55551000,0xedddd100,0xdeddd100,0x44444100,0x44444100,0x44444100,
  0x001a1011,0x001a11ed,0x0001ddde,0x001edddd,0x001deddd,0x00144444,0x00144444,0x00144444,
  0x22221000,0x33d81000,0xedd21000,0xded10000,0xdde10000,0xddd10000,0x1bb10000,0x1cc10000,
  0x00012222,0x00018d33,0x00012ddd,0x00001edd,0x00001ded,0x00001dde,0x00001bb1,0x00001cc1,
  0x55110000,0x55551000,0xedddd100,0xdeddd100,0x44444100,0x44444100,0x44444100,0x22221000,
  0x001a11ed,0x0001ddde,0x001edddd,0x001deddd,0x00144444,0x00144444,0x00144444,0x00012222,
  0x33d10000,0xedd61000,0xded61000,0xdde81000,0xddd21000,0x1cc10000,0x01100000,0x00000000,
  0x00001d33,0x00016ddd,0x00016edd,0x00018ded,0x00012dde,0x00001cc1,0x00000110,0x00000000,
  0x55110000,0x55551000,0xedddd100,0xdeddd100,0x44444100,0x44444100,0x44444100,0x22221000,
  0x001a11ed,0x0001ddde,0x001edddd,0x001deddd,0x00144444,0x00144444,0x00144444,0x00012222,
  0x33d61000,0xedd61000,0xded81000,0xdde21000,0xddd10000,0x1bb10000,0x1cc10000,0x01100000,
  0x00016d33,0x00016ddd,0x00018edd,0x00012ded,0x00001dde,0x00001bb1,0x00001cc1,0x00000110,
  0x51100000,0x55510000,0xdddd1000,0xe2221000,0x22221000,0x21221000,0x21231000,0x22210000,
  0x01a11ed5,0x001ddde5,0x01edddde,0x01dedddd,0x01444422,0x01444422,0x01444422,0x00144322,
  0x31100000,0x71000000,0x71000000,0x21000000,0xbb100000,0xbb100000,0xccc10000,0x11100000,
  0x00018333,0x00018866,0x00019996,0x00018862,0x000011bb,0x000001bb,0x000001cc,0x00000011,
  0x11100000,0xd5511000,0xe5555100,0xdedddd10,0xdde22210,0x22222210,0x22212210,0x22212310,
  0x0001a101,0x0001a11e,0x00001ddd,0x0001eddd,0x0001dedd,0x00014444,0x00014444,0x00014444,
  0x22222100,0x33311000,0x66610000,0x99a10000,0x66610000,0xbb100000,0xccc10000,0x11100000,
  0x00001443,0x00000163,0x00000167,0x00000167,0x00000122,0x000001bb,0x000001cc,0x00000011,
  0x55110000,0x55551000,0xedddd100,0xde222100,0x22222100,0x22122100,0x22123100,0x22221000,
  0x001a11ed,0x0001ddde,0x001edddd,0x001deddd,0x00144442,0x00144442,0x00144442,0x00014432,
  0x33110000,0x66100000,0x9a100000,0x66100000,0xbb100000,0xbb100000,0xccc10000,0x11100000,
  0x00001833,0x00001867,0x00001967,0x00001822,0x000001bb,0x000001bb,0x000001cc,0x00000011,
  0x00000000,0x00000000,0x00000000,0x00000000,0x10000000,0x61100000,0x44410000,0x44441000,
  0x00000000,0x00000000,0x00000000,0x00000000,0x00000001,0x00000116,0x00001444,0x00014444,
  0x44446100,0x44446100,0x44466100,0x22268100,0xcc261000,0xcc210000,0x61100000,0x10000000,
  0x00164444,0x00164444,0x00166444,0x00166666,0x0001666c,0x0000166c,0x00000116,0x00000001,
  0x00000000,0x00000000,0x00000000,0x00000000,0x10000000,0x61100000,0x77710000,0x77771000,
  0x00000000,0x00000000,0x00000000,0x00000000,0x00000001,0x00000116,0x00001777,0x00017777,
  0x77776100,0x77776100,0x77766100,0x68666100,0x66661000,0x66610000,0x61100000,0x10000000,
  0x00167777,0x01222777,0x01222777,0x01222666,0x0011ccc6,0x0001ccc6,0x00001116,0x00000001,
  0x00000000,0x00000000,0x00000000,0x00000000,0x10000000,0x61100000,0x44410000,0x44441000,
  0x00000000,0x00000000,0x00000000,0x00000000,0x00011101,0x00122216,0x00122244,0x00122244,
  0x44446100,0x44446100,0x44466100,0x66666100,0xcc661000,0xcc610000,0x61100000,0x10000000,
  0x00164444,0x00164444,0x00166444,0x00166686,0x0001666c,0x0000166c,0x00000116,0x00000001,
  0x00000000,0x00000000,0x00000000,0x00000000,0x10000000,0x61100000,0x22210000,0x22271000,
  0x00000000,0x00000000,0x00000000,0x00000000,0x00000001,0x00000116,0x00001777,0x00017777,
  0x22276100,0x77776100,0x77766100,0x66866100,0x66661000,0x66610000,0x61100000,0x10000000,
  0x00167777,0x00167777,0x00166777,0x00166666,0x0001ccc6,0x0001ccc6,0x00001116,0x00000001,
  0x55551000,0xedddd100,0x2eddd100,0x22244100,0x21244100,0x21223100,0x22321000,0x33861000,
  0x0001ddde,0x001edddd,0x001dedd2,0x00144222,0x00144212,0x00132212,0x00012322,0x00016633,
  0x66881000,0xa9921000,0x66810000,0x1bb10000,0x1bb10000,0x1cc10000,0x01100000,0x00000000,
  0x00018666,0x0001299a,0x00001666,0x00001bb1,0x00001bb1,0x00001cc1,0x00000110,0x00000000,
  0x11000000,0x55110000,0x55551000,0xedddd100,0xdeddd100,0x44444100,0x44444100,0x44444100,
  0x001a1011,0x001a11ed,0x0001ddde,0x001edddd,0x001deddd,0x00144444,0x00144444,0x00144444,
  0x22221000,0x33d61000,0xedd81000,0xded21000,0xdde10000,0xddd10000,0x1bb10000,0x1cc10000,
  0x00012222,0x00016d33,0x00018ddd,0x00012edd,0x00001ded,0x00001dde,0x00001bb1,0x00001cc1,
  0x51100000,0x55510000,0xdddd1000,0xe2221000,0x22221000,0x21221000,0x21231000,0x22210000,
  0x01a11ed5,0x001ddde5,0x01edddde,0x01dedddd,0x01444422,0x01444422,0x01444422,0x00144322,
  0x31100000,0x61000000,0xa1000000,0x61000000,0xbb100000,0xbb100000,0xccc10000,0x11100000,
  0x00018333,0x00018867,0x00019967,0x00018822,0x000011bb,0x000001bb,0x000001cc,0x00000011,
  0x55551000,0xedddd100,0x2eddd100,0x22244100,0x21244100,0x21223100,0x22321000,0x33861000,
  0x0001ddde,0x001edddd,0x001dedd2,0x00144222,0x00144212,0x00132212,0x00012322,0x00016633,
  0x66881000,0xa9921000,0x66810000,0x1bb10000,0x1bb10000,0x1cc10000,0x01100000,0x00000000,
  0x00018666,0x0001299a,0x00001666,0x00001bb1,0x00001bb1,0x00001cc1,0x00000110,0x00000000,
  0x00000000,0x00000000,0x00000000,0x00000000,0x00000000,0x00000000,0x00000000,0x10000010,
  0x00000000,0x00000000,0x00000000,0x00000000,0x00000000,0x00111110,0x01d22231,0x15d22222,
  0x111111c1,0x36a6bbc1,0x3696bbc1,0x3772bbc1,0x3662bbc1,0x88981110,0x11110000,0x00000000,
  0x15d22112,0x55de2222,0x55ed2222,0xdedd2222,0xeddd4443,0x1ddd4444,0x1dde4444,0xa1ed4441,
  0x00000000,0x00000000,0x00000000,0x00000000,0x00000000,0x00000000,0x00000000,0x00000000,
  0x00000000,0x00000000,0x00000000,0x00000000,0x00000000,0x00000000,0x00000000,0x00000000,
  0x00000000,0x00000000,0x00000000,0x00000000,0x11110000,0x66b10000,0x62b10000,0x11000000,
  0x00000000,0x00000000,0x00000000,0x00001221,0x00005212,0x00005d22,0x0000dd43,0x0000de44,
};

const u32 hero_tiles_3[1184] __attribute__((aligned(4))) = {
  0x55110000,0x55551000,0xdedde100,0x24444100,0x22244100,0x21244100,0x21223100,0x22321000,
  0x00001144,0x00014444,0x001edded,0x00144442,0x00144222,0x00144212,0x00132212,0x00012322,
  0x33861000,0x66861000,0xa9981000,0x66821000,0x1bb10000,0x1bb10000,0x1cc10000,0x01100000,
  0x00016633,0x00016666,0x0001899a,0x00012666,0x00001bb1,0x00001bb1,0x00001cc1,0x00000110,
  0x11000000,0x55110000,0x55551000,0xdedde100,0x24444100,0x22244100,0x21244100,0x21223100,
  0x00000011,0x00001144,0x00014444,0x001edded,0x00144442,0x00144222,0x00144212,0x00132212,
  0x22321000,0x33810000,0x66861000,0xa9961000,0x66881000,0x1cc21000,0x01110000,0x00000000,
  0x00012322,0x00016633,0x00018666,0x0001299a,0x00001666,0x00001bb1,0x00001cc1,0x00000110,
  0x55110000,0x55551000,0xdedde100,0x24444100,0x22244100,0x21244100,0x21223100,0x22321000,
  0x00001144,0x00014444,0x001edded,0x00144442,0x00144222,0x00144212,0x00132212,0x00012322,
  0x33861000,0x66861000,0xa9981000,0x66821000,0x1bb10000,0x1bb10000,0x1cc10000,0x01100000,
  0x00016633,0x00016666,0x0001899a,0x00012666,0x00001bb1,0x00001bb1,0x00001cc1,0x00000110,
  0x55110000,0x55551000,0xdedde100,0x24444100,0x22244100,0x21244100,0x21223100,0x22321000,
  0x00001144,0x00014444,0x001edded,0x00144442,0x00144222,0x00144212,0x00132212,0x00012322,
  0x33861000,0x66861000,0xa9981000,0x66821000,0x1bb10000,0x1bb10000,0x1cc10000,0x01100000,
  0x00016633,0x00016666,0x0001899a,0x00012666,0x00001bb1,0x00001bb1,0x00001cc1,0x00000110,
  0x11000000,0x55110000,0x55551000,0xdedde100,0x24444100,0x22244100,0x21244100,0x21223100,
  0x00000011,0x00001144,0x00014444,0x001edded,0x00144442,0x00144222,0x00144212,0x00132212,
  0x22321000,0x33861000,0x66881000,0xa9921000,0x66810000,0x1bb10000,0x1cc10000,0x01100000,
  0x00012322,0x00001633,0x00016666,0x0001699a,0x00018666,0x00012cc1,0x00001110,0x00000000,
  0x55110000,0x55551000,0xdedde100,0x24444100,0x22244100,0x21244100,0x21223100,0x22321000,
  0x00001144,0x00014444,0x001edded,0x00144442,0x00144222,0x00144212,0x00132212,0x00012322,
  0x33861000,0x66861000,0xa9981000,0x66821000,0x1bb10000,0x1bb10000,0x1cc10000,0x01100000,
  0x00016633,0x00016666,0x0001899a,0x00012666,0x00001bb1,0x00001bb1,0x00001cc1,0x00000110,
  0x55110000,0x55551000,0x44444100,0xdedde100,0x44444100,0x44444100,0x44444100,0x22221000,
  0x00001144,0x00014444,0x00144444,0x001edded,0x0014444d,0x001444d4,0x00144444,0x00012222,
  0x33861000,0x66861000,0x99981000,0x66821000,0x1bb10000,0x1bb10000,0x1cc10000,0x01100000,
  0x00016633,0x00016666,0x00018999,0x00012666,0x00001bb1,0x00001bb1,0x00001cc1,0x00000110,
  0x11000000,0x55110000,0x55551000,0x44444100,0xdedde100,0x44444100,0x44444100,0x44444100,
  0x00000011,0x00001144,0x00014444,0x00144444,0x001edded,0x0014444d,0x001444d4,0x00144444,
  0x22221000,0x33810000,0x66861000,0x99961000,0x66881000,0x1cc21000,0x01110000,0x00000000,
  0x00012222,0x00016633,0x00018666,0x00012999,0x00001666,0x00001bb1,0x00001cc1,0x00000110,
  0x55110000,0x55551000,0x44444100,0xdedde100,0x44444100,0x44444100,0x44444100,0x22221000,
  0x00001144,0x00014444,0x00144444,0x001edded,0x0014444d,0x001444d4,0x00144444,0x00012222,
  0x33861000,0x66861000,0x99981000,0x66821000,0x1bb10000,0x1bb10000,0x1cc10000,0x01100000,
  0x00016633,0x00016666,0x00018999,0x00012666,0x00001bb1,0x00001bb1,0x00001cc1,0x00000110,
  0x55110000,0x55551000,0x44444100,0xdedde100,0x44444100,0x44444100,0x44444100,0x22221000,
  0x00001144,0x00014444,0x00144444,0x001edded,0x0014444d,0x001444d4,0x00144444,0x00012222,
  0x33861000,0x66861000,0x99981000,0x66821000,0x1bb10000,0x1bb10000,0x1cc10000,0x01100000,
  0x00016633,0x00016666,0x00018999,0x00012666,0x00001bb1,0x00001bb1,0x00001cc1,0x00000110,
  0x11000000,0x55110000,0x55551000,0x44444100,0xdedde100,0x44444100,0x44444100,0x44444100,
  0x00000011,0x00001144,0x00014444,0x00144444,0x001edded,0x0014444d,0x001444d4,0x00144444,
  0x22221000,0x33861000,0x66881000,0x99921000,0x66810000,0x1bb10000,0x1cc10000,0x01100000,
  0x00012222,0x00001633,0x00016666,0x00016999,0x00018666,0x00012cc1,0x00001110,0x00000000,
  0x55110000,0x55551000,0x44444100,0xdedde100,0x44444100,0x44444100,0x44444100,0x22221000,
  0x00001144,0x00014444,0x00144444,0x001edded,0x0014444d,0x001444d4,0x00144444,0x00012222,
  0x33861000,0x66861000,0x99981000,0x66821000,0x1bb10000,0x1bb10000,0x1cc10000,0x01100000,
  0x00016633,0x00016666,0x00018999,0x00012666,0x00001bb1,0x00001bb1,0x00001cc1,0x00000110,
  0x55110000,0x55551000,0xdedde100,0x44222100,0x22222100,0x22122100,0x22123100,0x22221000,
  0x00001144,0x00014444,0x001edded,0x001d4444,0x01d44442,0x01d44442,0x00144442,0x00014432,
  0x33110000,0x66100000,0x9a100000,0x66100000,0xbb100000,0xbb100000,0xccc10000,0x11100000,
  0x00001833,0x00001867,0x00001967,0x00001822,0x000001bb,0x000001bb,0x000001cc,0x00000011,
  0x11000000,0x55110000,0x55551000,0xdedde100,0x44222100,0x22222100,0x22122100,0x22123100,
  0x00000011,0x00001144,0x00014444,0x001edded,0x001d4444,0x01d44442,0x01d44442,0x00144442,
  0x22221000,0x33110000,0x67100000,0x67110000,0x22bb1000,0x11ccc100,0x00111000,0x00000000,
  0x00014432,0x00001833,0x00001886,0x00001999,0x0001b886,0x0001bb11,0x0001cc10,0x00001100,
  0x55110000,0x55551000,0xdedde100,0x44222100,0x22222100,0x22122100,0x22123100,0x22221000,
  0x00001144,0x00014444,0x001edded,0x001d4444,0x01d44442,0x01d44442,0x00144442,0x00014432,
  0x33110000,0x66100000,0x9a100000,0x66100000,0x1bb10000,0x1bb10000,0x1ccc1000,0x01110000,
  0x00001833,0x00001867,0x00001967,0x00001822,0x00001bb1,0x00001bb1,0x00001cc1,0x00000110,
  0x55110000,0x55551000,0xdedde100,0x44222100,0x22222100,0x22122100,0x22123100,0x22221000,
  0x00001144,0x00014444,0x001edded,0x001d4444,0x01d44442,0x01d44442,0x00144442,0x00014432,
  0x33110000,0x66100000,0x9a100000,0x66100000,0xbb100000,0xbb100000,0xccc10000,0x11100000,
  0x00001833,0x00001867,0x00001967,0x00001822,0x000001bb,0x000001bb,0x000001cc,0x00000011,
  0x11000000,0x55110000,0x55551000,0xdedde100,0x44222100,0x22222100,0x22122100,0x22123100,
  0x00000011,0x00001144,0x00014444,0x001edded,0x001d4444,0x01d44442,0x01d44442,0x00144442,
  0x22221000,0x33110000,0x66100000,0x9a110000,0x66bb1000,0x11bb1000,0x01ccc100,0x00111000,
  0x00014432,0x00016733,0x00016786,0x00016799,0x00012286,0x0001cc11,0x00001100,0x00000000,
  0x55110000,0x55551000,0xdedde100,0x44222100,0x22222100,0x22122100,0x22123100,0x22221000,
  0x00001144,0x00014444,0x001edded,0x001d4444,0x01d44442,0x01d44442,0x00144442,0x00014432,
  0x33110000,0x66100000,0x9a100000,0x66100000,0x1bb10000,0x1bb10000,0x1ccc1000,0x01110000,
  0x00001833,0x00001867,0x00001967,0x00001822,0x00001bb1,0x00001bb1,0x00001cc1,0x00000110,
  0x55551000,0xdedde100,0x24444100,0x22244100,0x21244100,0x21223100,0x22321000,0x33881000,
  0x00014444,0x001edded,0x00144442,0x00144222,0x00144212,0x00132212,0x00012322,0x00018633,
  0x66821000,0xa9910000,0x66810000,0x1bb10000,0x1bb10000,0x1cc10000,0x01100000,0x00000000,
  0x00012666,0x0000199a,0x00001666,0x00001bb1,0x00001bb1,0x00001cc1,0x00000110,0x00000000,
  0x00000000,0x11000000,0x55110000,0x55551000,0xdedde100,0x24444100,0x22244100,0x21244100,
  0x00000000,0x00000011,0x00001144,0x00014444,0x001edded,0x00144442,0x00144222,0x00144212,
  0x21223100,0x22321000,0x33810000,0x66861000,0xa9961000,0x66881000,0x1bb21000,0x1cc10000,
  0x00132212,0x00012322,0x00001633,0x00016666,0x0001699a,0x00018666,0x00012bb1,0x00001cc1,
  0x55110000,0x55551000,0xdedde100,0x24444100,0x22244100,0x21244100,0x21223100,0x22321000,
  0x00001144,0x00014444,0x001edded,0x00144442,0x00144222,0x00144212,0x00132212,0x00012322,
  0x33861000,0x66861000,0xa9981000,0x66821000,0x1bb10000,0x1bb10000,0x1cc10000,0x01100000,
  0x00016633,0x00016666,0x0001899a,0x00012666,0x00001bb1,0x00001bb1,0x00001cc1,0x00000110,
  0x11000000,0x55110000,0x55551000,0x44444100,0xdedde100,0x44444100,0x44444100,0x44444100,
  0x00000011,0x00001144,0x00014444,0x00144444,0x001edded,0x0014444d,0x001444d4,0x00144444,
  0x22221000,0x33881000,0x66821000,0x99910000,0x66810000,0x1bb10000,0x1bb10000,0x1cc10000,
  0x00012222,0x00018633,0x00012666,0x00001999,0x00001666,0x00001bb1,0x00001bb1,0x00001cc1,
  0x55110000,0x55551000,0x44444100,0xdedde100,0x44444100,0x44444100,0x44444100,0x22221000,
  0x00001144,0x00014444,0x00144444,0x001edded,0x0014444d,0x001444d4,0x00144444,0x00012222,
  0x33810000,0x66861000,0x99961000,0x66881000,0x1bb21000,0x1cc10000,0x01100000,0x00000000,
  0x00001633,0x00016666,0x00016999,0x00018666,0x00012bb1,0x00001cc1,0x00000110,0x00000000,
  0x55110000,0x55551000,0x44444100,0xdedde100,0x44444100,0x44444100,0x44444100,0x22221000,
  0x00001144,0x00014444,0x00144444,0x001edded,0x0014444d,0x001444d4,0x00144444,0x00012222,
  0x33861000,0x66861000,0x99981000,0x66821000,0x1bb10000,0x1bb10000,0x1cc10000,0x01100000,
  0x00016633,0x00016666,0x00018999,0x00012666,0x00001bb1,0x00001bb1,0x00001cc1,0x00000110,
  0x51100000,0x55510000,0xedde1000,0x42221000,0x22221000,0x21221000,0x21231000,0x22210000,
  0x00011445,0x00144445,0x01eddedd,0x01d44444,0x1d444422,0x1d444422,0x01444422,0x00144322,
  0x31100000,0x71000000,0x71000000,0x21000000,0xbb100000,0xbb100000,0xccc10000,0x11100000,
  0x00018333,0x00018866,0x00019996,0x00018862,0x000011bb,0x000001bb,0x000001cc,0x00000011,
  0x11100000,0x45511000,0x45555100,0xddedde10,0x44422210,0x22222210,0x22212210,0x22212310,
  0x00000001,0x00000114,0x00001444,0x0001edde,0x0001d444,0x001d4444,0x001d4444,0x00014444,
  0x22222100,0x33311000,0x66610000,0x99a10000,0x66610000,0xbb100000,0xccc10000,0x11100000,
  0x00001443,0x00000163,0x00000167,0x00000167,0x00000122,0x000001bb,0x000001cc,0x00000011,
  0x55110000,0x55551000,0xdedde100,0x44222100,0x22222100,0x22122100,0x22123100,0x22221000,
  0x00001144,0x00014444,0x001edded,0x001d4444,0x01d44442,0x01d44442,0x00144442,0x00014432,
  0x33110000,0x66100000,0x9a100000,0x66100000,0xbb100000,0xbb100000,0xccc10000,0x11100000,
  0x00001833,0x00001867,0x00001967,0x00001822,0x000001bb,0x000001bb,0x000001cc,0x00000011,
  0x00000000,0x00000000,0x00000000,0x00000000,0x10000000,0x61100000,0x44410000,0x44441000,
  0x00000000,0x00000000,0x00000000,0x00000000,0x00000001,0x00000116,0x00001444,0x00014444,
  0x44446100,0x44446100,0x44466100,0x22268100,0xcc261000,0xcc210000,0x61100000,0x10000000,
  0x00164444,0x00164444,0x00166444,0x00166666,0x0001666c,0x0000166c,0x00000116,0x00000001,
  0x00000000,0x00000000,0x00000000,0x00000000,0x10000000,0x61100000,0x77710000,0x77771000,
  0x00000000,0x00000000,0x00000000,0x00000000,0x00000001,0x00000116,0x00001777,0x00017777,
  0x77776100,0x77776100,0x77766100,0x68666100,0x66661000,0x66610000,0x61100000,0x10000000,
  0x00167777,0x01222777,0x01222777,0x01222666,0x0011ccc6,0x0001ccc6,0x00001116,0x00000001,
  0x00000000,0x00000000,0x00000000,0x00000000,0x10000000,0x61100000,0x44410000,0x44441000,
  0x00000000,0x00000000,0x00000000,0x00000000,0x00011101,0x00122216,0x00122244,0x00122244,
  0x44446100,0x44446100,0x44466100,0x66666100,0xcc661000,0xcc610000,0x61100000,0x10000000,
  0x00164444,0x00164444,0x00166444,0x00166686,0x0001666c,0x0000166c,0x00000116,0x00000001,
  0x00000000,0x00000000,0x00000000,0x00000000,0x10000000,0x61100000,0x22210000,0x22271000,
  0x00000000,0x00000000,0x00000000,0x00000000,0x00000001,0x00000116,0x00001777,0x00017777,
  0x22276100,0x77776100,0x77766100,0x66866100,0x66661000,0x66610000,0x61100000,0x10000000,
  0x00167777,0x00167777,0x00166777,0x00166666,0x0001ccc6,0x0001ccc6,0x00001116,0x00000001,
  0x55551000,0xdedde100,0x24444100,0x22244100,0x21244100,0x21223100,0x22321000,0x33861000,
  0x00014444,0x001edded,0x00144442,0x00144222,0x00144212,0x00132212,0x00012322,0x00016633,
  0x66881000,0xa9921000,0x66810000,0x1bb10000,0x1bb10000,0x1cc10000,0x01100000,0x00000000,
  0x00018666,0x0001299a,0x00001666,0x00001bb1,0x00001bb1,0x00001cc1,0x00000110,0x00000000,
  0x11000000,0x55110000,0x55551000,0x44444100,0xdedde100,0x44444100,0x44444100,0x44444100,
  0x00000011,0x00001144,0x00014444,0x00144444,0x001edded,0x0014444d,0x001444d4,0x00144444,
  0x22221000,0x33861000,0x66881000,0x99921000,0x66810000,0x1bb10000,0x1bb10000,0x1cc10000,
  0x00012222,0x00016633,0x00018666,0x00012999,0x00001666,0x00001bb1,0x00001bb1,0x00001cc1,
  0x51100000,0x55510000,0xedde1000,0x42221000,0x22221000,0x21221000,0x21231000,0x22210000,
  0x00011445,0x00144445,0x01eddedd,0x01d44444,0x1d444422,0x1d444422,0x01444422,0x00144322,
  0x31100000,0x61000000,0xa1000000,0x61000000,0xbb100000,0xbb100000,0xccc10000,0x11100000,
  0x00018333,0x00018867,0x00019967,0x00018822,0x000011bb,0x000001bb,0x000001cc,0x00000011,
  0x55551000,0xdedde100,0x24444100,0x22244100,0x21244100,0x21223100,0x22321000,0x33861000,
  0x00014444,0x001edded,0x00144442,0x00144222,0x00144212,0x00132212,0x00012322,0x00016633,
  0x66881000,0xa9921000,0x66810000,0x1bb10000,0x1bb10000,0x1cc10000,0x01100000,0x00000000,
  0x00018666,0x0001299a,0x00001666,0x00001bb1,0x00001bb1,0x00001cc1,0x00000110,0x00000000,
  0x00000000,0x00000000,0x00000000,0x00000000,0x00000000,0x00000000,0x00000000,0x10000010,
  0x00000000,0x00000000,0x00000000,0x00000000,0x00000000,0x00111110,0x01e22231,0x15d22222,
  0x111111c1,0x36a6bbc1,0x3696bbc1,0x3772bbc1,0x3662bbc1,0x88981110,0x11110000,0x00000000,
  0x15d22112,0x55e42222,0x55d42222,0x44d42222,0x44e44443,0x14d44444,0x14d44444,0x01ed4441,
  0x00000000,0x00000000,0x00000000,0x00000000,0x00000000,0x00000000,0x00000000,0x00000000,
  0x00000000,0x00000000,0x00000000,0x00000000,0x00000000,0x00000000,0x00000000,0x00000000,
  0x00000000,0x00000000,0x00000000,0x00000000,0x11110000,0x66b10000,0x62b10000,0x11000000,
  0x00000000,0x00000000,0x00000000,0x00001221,0x00005212,0x00005422,0x00004443,0x00004444,
};

const u32 *const hero_tiles[4] = { hero_tiles_0, hero_tiles_1, hero_tiles_2, hero_tiles_3 };
const u16 hero_pal[4][16] = {
  {0x0000,0x1465,0x533f,0x3e7b,0x152f,0x1dd5,0x6da7,0x7a6d,0x5105,0x110d,0x2b5e,0x4569,0x28c5,0x5e93,0x7b9b,0x7fff},
  {0x0000,0x1465,0x533f,0x3e7b,0x7f9d,0x7fff,0x68f1,0x79f7,0x488b,0x169b,0x339f,0x54ad,0x3067,0x60cf,0x79d6,0x7fff},
  {0x0000,0x1465,0x533f,0x3e7b,0x2659,0x36fd,0x22a9,0x334f,0x19c5,0x110d,0x2f1c,0x196f,0x08a7,0x1e27,0x2eed,0x7fff},
  {0x0000,0x1465,0x533f,0x3e7b,0x1ca5,0x396b,0x3129,0x45ad,0x1ca5,0x110d,0x6b18,0x28e7,0x1463,0x20db,0x41df,0x7fff},
};
const u32 obj_common_tiles[3136] __attribute__((aligned(4))) = {
  0x00000000,0x00000000,0x00000000,0x00000000,0x00000000,0x00000000,0x00000000,0x00000000,
  0x00000000,0x10000000,0x10000000,0x21000000,0x31000000,0x31000000,0x31000000,0x31000000,
  0x00000001,0x00000012,0x00000012,0x00000142,0x00000142,0x00000142,0x00000142,0x00000142,
  0x00000000,0x00000000,0x00000000,0x00000000,0x00000000,0x00000000,0x00000000,0x00000000,
  0x00000000,0x00000000,0x00000000,0x00000000,0x00000000,0x00000000,0x00000000,0x00000000,
  0x31000000,0x31000000,0x31000000,0x31000000,0x31000000,0x31000000,0x31111100,0x55555610,
  0x00000142,0x00000142,0x00000142,0x00000142,0x00000142,0x00000142,0x01111142,0x16555555,
  0x00000000,0x00000000,0x00000000,0x00000000,0x00000000,0x00000000,0x00000000,0x00000000,
  0x00000000,0x00000000,0x00000000,0x00000000,0x00000000,0x00000000,0x00000000,0x00000000,
  0x66666100,0x71111000,0x71000000,0x71000000,0x71000000,0x51000000,0x10000000,0x00000000,
  0x01666666,0x00111187,0x00000187,0x00000187,0x00000187,0x00000155,0x00000016,0x00000001,
  0x00000000,0x00000000,0x00000000,0x00000000,0x00000000,0x00000000,0x00000000,0x00000000,
  0x00000000,0x00000000,0x00000000,0x00000000,0x00000000,0x00000000,0x00000000,0x00000000,
  0x00000000,0x00000000,0x00000000,0x00000000,0x00000000,0x00000000,0x00000000,0x00000000,
  0x00000000,0x00000000,0x00000000,0x00000000,0x00000000,0x00000000,0x00000000,0x00000000,
  0x00000000,0x00000000,0x00000000,0x00000000,0x00000000,0x00000000,0x00000000,0x00000000,
  0x00000000,0x00000000,0x00000000,0x00000000,0x00000000,0x00000000,0x00000000,0x00000000,
  0x10100000,0x11c10000,0xaa100000,0x9aa10000,0x9aac1000,0xaaa10000,0xaaa10000,0xa6100000,
  0x0000101c,0x0001c111,0x00001aaa,0x0001aaa9,0x001caaa9,0x0001aaaa,0x0001abaa,0x000016ba,
  0x00000000,0x00000000,0x00000000,0x00000000,0x00000000,0x00000000,0x00000000,0x00000000,
  0x00000000,0x00000000,0x00000000,0x00000000,0x00000000,0x00000000,0x00000000,0x00000000,
  0x71000000,0x71000000,0x71000000,0x71000000,0x55100000,0x71000000,0x71000000,0x71000000,
  0x00000118,0x00000018,0x00000018,0x00000018,0x00000155,0x00000018,0x00000018,0x00000018,
  0x00000000,0x00000000,0x00000000,0x00000000,0x00000000,0x00000000,0x00000000,0x00000000,
  0x00000000,0x00000000,0x00000000,0x00000000,0x00000000,0x00000000,0x00000000,0x00000000,
  0x71000000,0x71000000,0x71000000,0x71000000,0x71000000,0x71000000,0x55100000,0x71000000,
  0x00000018,0x00000018,0x00000018,0x00000018,0x00000018,0x00000018,0x00000155,0x00000018,
  0x00000000,0x00000000,0x00000000,0x00000000,0x00000000,0x00000000,0x00000000,0x00000000,
  0x00000000,0x00000000,0x00000000,0x00000000,0x00000000,0x00000000,0x00000000,0x00000000,
  0x71000000,0x71000000,0x51000000,0x10000000,0x00000000,0x00000000,0x00000000,0x00000000,
  0x00000018,0x00000018,0x00000015,0x00000001,0x00000000,0x00000000,0x00000000,0x00000000,
  0x00000000,0x00000000,0x00000000,0x00000000,0x00000000,0x00000000,0x00000000,0x00000000,
  0x00000000,0x00000000,0x00000000,0x00000000,0x00000000,0x00000000,0x00000000,0x00000000,
  0x00000000,0x00000000,0x00000000,0x00000000,0x00000000,0x10000000,0x31000000,0x10000000,
  0x00000000,0x00000000,0x00000000,0x00000000,0x00000001,0x00000012,0x00000133,0x00000017,
  0x00000000,0x00000000,0x00000000,0x00000000,0x00000000,0x00000000,0x00000000,0x00000000,
  0x00000000,0x00000000,0x00000000,0x00000000,0x00000000,0x00000000,0x00000000,0x00000000,
  0x10000000,0x10000000,0x10000000,0x10000000,0x10000000,0x10000000,0x10000000,0x61100000,
  0x00000017,0x00000017,0x00000017,0x00000017,0x00000017,0x00000017,0x00000017,0x00011167,
  0x00000000,0x00000000,0x00000000,0x00000000,0x00000000,0x00000000,0x00000000,0x00000000,
  0x00000000,0x00000000,0x00000000,0x10000000,0x71000000,0x7e100000,0xe7100000,0x87100000,
  0x67711000,0x68777110,0x61118771,0x10001877,0x10000187,0x10000018,0x1000001e,0x100011e1,
  0x01187767,0x18777167,0x77111167,0x71000017,0x10000017,0x00000017,0x10000017,0xe1100017,
  0x00000000,0x00000001,0x00000018,0x00000187,0x00001877,0x00001e71,0x000187ee,0x00018711,
  0x87710000,0x18710000,0x01100000,0x00000000,0x00000000,0x00000000,0x00000000,0x00000000,
  0x1001ee11,0x101e1100,0x11e10000,0xde100000,0xd1000000,0x10000000,0x00000000,0x00000000,
  0x1ee10017,0x011e1017,0x0001e117,0x00001ed7,0x000001d7,0x00000011,0x00000000,0x00000000,
  0x00187710,0x00187100,0x00011000,0x00000000,0x00000000,0x00000000,0x00000000,0x00000000,
  0x00000000,0x00000000,0x00000000,0x00000000,0x00000000,0x00000000,0x00000000,0x00000000,
  0x00000000,0x00000000,0x00000000,0x00000000,0x00000000,0x00000000,0x10000000,0x10000000,
  0x00000000,0x00000000,0x00000000,0x00000000,0x00000000,0x00000001,0x00000012,0x00000012,
  0x00000000,0x00000000,0x00000000,0x00000000,0x00000000,0x00000000,0x00000000,0x00000000,
  0x00000000,0x00000000,0x00000000,0x00000000,0x00000000,0x00000000,0x00000000,0x00000000,
  0x31000000,0x31000000,0x31000000,0x31000000,0x31000000,0x31000000,0x31100000,0x55510000,
  0x00000142,0x00000142,0x00000142,0x00000142,0x00000142,0x00000142,0x00001142,0x00015555,
  0x00000000,0x00000000,0x00000000,0x00000000,0x00000000,0x00000000,0x00000000,0x00000000,
  0x00000000,0x00000000,0x00000000,0x00000000,0x00000000,0x00000000,0x00000000,0x00000000,
  0x66610000,0xd1100000,0xd1000000,0xd1000000,0xd1000000,0x10000000,0x00000000,0x00000000,
  0x00016666,0x000011dd,0x000001dd,0x000001dd,0x000001dd,0x00000016,0x00000001,0x00000000,
  0x00000000,0x00000000,0x00000000,0x00000000,0x00000000,0x00000000,0x00000000,0x00000000,
  0x00000000,0x00000000,0x00000000,0x00000000,0x00000000,0x00000000,0x00000000,0x00000000,
  0x00000000,0x00000000,0x00000000,0x00000000,0x00000000,0x00000000,0x00000000,0x00000000,
  0x00000000,0x00000000,0x00000000,0x00000000,0x00000000,0x00000000,0x00000000,0x00000000,
  0x00000000,0x00000000,0x00000000,0x00000000,0x00000000,0x00000000,0x00000000,0x00000000,
  0x00000000,0x00000000,0x00000000,0x00000000,0xff000000,0xfff00000,0xffff0000,0xffff0000,
  0x00000000,0xffff0000,0xffffff00,0xffffffff,0xcccfffff,0xcccccfff,0xcccccccf,0xcccccccc,
  0x00000000,0x0000000f,0x0000000f,0x0000000f,0x0000000c,0x0000000c,0x0000000c,0x0000000c,
  0x00000000,0x00000000,0x00000000,0x00000000,0x00000000,0x00000000,0x00000000,0x00000000,
  0xcffff000,0xccffc000,0x00cccc00,0x000ccc00,0x0000ccc0,0x00000cc0,0x000000c0,0x000000c0,
  0xc00000cc,0x00000000,0x00000000,0x00000000,0x00000000,0x00000000,0x00000000,0x00000000,
  0x0000000c,0x00000000,0x00000000,0x00000000,0x00000000,0x00000000,0x00000000,0x00000000,
  0x00000000,0x00000000,0x00000000,0x00000000,0x00000000,0x00000000,0x00000000,0x00000000,
  0x00000000,0x00000000,0x00000000,0x00000000,0x00000000,0x00000000,0x00000000,0x00000000,
  0x00000000,0x00000000,0x00000000,0x00000000,0x00000000,0x00000000,0x00000000,0x00000000,
  0x00000000,0x00000000,0x00000000,0x00000000,0x00000000,0x00000000,0x00000000,0x00000000,
  0x00000000,0x00000000,0x00000000,0x00000000,0x00000000,0x00000000,0x00000000,0x00000000,
  0x00000000,0x00000000,0x00000000,0x00000000,0x00000000,0x00000000,0x00000000,0x00000000,
  0x00000000,0x00000000,0x00000000,0x00000000,0x00000000,0x00000000,0x00000000,0x00000000,
  0x00000000,0x00000000,0x00000000,0x00000000,0x00000000,0x00000000,0x00000000,0x00000000,
  0x00000000,0x00000000,0x00000000,0x00000000,0x00000000,0x00000000,0x00000000,0x00000000,
  0x00000000,0x00000000,0x33330000,0x33333300,0x33333330,0x33333300,0x33330000,0x00000000,
  0x00000000,0x00000000,0x00003333,0x00333333,0x03333333,0x00333333,0x00003333,0x00000000,
  0x00000000,0x00000000,0x00000000,0x03333330,0x03333330,0x03333330,0x00000000,0x00000000,
  0x00000000,0x00000000,0x00000000,0x00000000,0x00000000,0x11100000,0x33311000,0x33553100,
  0x00000000,0x00000000,0x00000000,0x00000000,0x00000000,0x00000111,0x00011222,0x00122222,
  0x33353310,0x22122210,0x22122210,0x12222210,0x44444410,0x44444410,0x44444100,0x44411000,
  0x01222222,0x01222122,0x01222122,0x01222221,0x01444444,0x01444444,0x00144444,0x00011444,
  0x00000000,0x00000000,0x00000000,0x00000000,0x00000000,0x00000000,0x00000000,0x11110000,
  0x00000000,0x00000000,0x00000000,0x00000000,0x00000000,0x00000000,0x00000000,0x00000111,
  0x33551100,0x33353310,0x22122221,0x22122221,0x12222221,0x44444441,0x44444410,0x44411100,
  0x00111222,0x01222222,0x12222122,0x12222122,0x12222221,0x14444444,0x01444444,0x00111444,
  0x00000000,0x10000000,0x31100000,0x33310000,0x35531000,0x33531000,0x22222100,0x22522100,
  0x00000000,0x00000001,0x00000112,0x00001222,0x00012222,0x00012222,0x00122222,0x00122522,
  0x22122100,0x12222100,0x22222100,0x44444100,0x44441000,0x44441000,0x44410000,0x41100000,
  0x00122122,0x00122221,0x00122222,0x00144444,0x00014444,0x00014444,0x00001444,0x00000114,
  0x00000000,0x00000000,0x00000000,0x00000000,0x00000000,0x00000000,0x00000000,0x11110000,
  0x00000000,0x00000000,0x00000000,0x00000000,0x00000000,0x00000000,0x00000000,0x00001111,
  0x33551100,0x33353310,0x22122221,0x22122221,0x12222221,0x44444441,0x44444410,0x44441100,
  0x00112222,0x01222222,0x12222122,0x12222122,0x12222221,0x14444444,0x01444444,0x00114444,
  0x00000000,0x00000001,0x00000015,0x00100166,0x01411555,0x12215655,0x22265566,0x27256551,
  0x00000000,0x10000000,0x51000000,0x65100100,0x56511410,0x55651221,0x55565222,0x16556272,
  0x22255610,0x42265510,0x48255100,0x42111000,0x21000000,0x10000000,0x00000000,0x00000000,
  0x16655222,0x01665224,0x00156284,0x00011124,0x00000012,0x00000001,0x00000000,0x00000000,
  0x00000000,0x00000000,0x00000000,0x00100000,0x01410000,0x12210000,0x22211111,0x27216555,
  0x00000000,0x00000000,0x00000000,0x00000100,0x00001410,0x00001221,0x11111222,0x56551272,
  0x22255655,0x42265566,0x48256555,0x42655655,0x21111111,0x10000000,0x00000000,0x00000000,
  0x55655222,0x65565224,0x56556284,0x55655624,0x11111112,0x00000001,0x00000000,0x00000000,
  0x00000000,0x00000000,0x00000000,0x00100000,0x01410000,0x12210000,0x22210000,0x27210000,
  0x00000000,0x00000000,0x00000000,0x00000100,0x00001410,0x00001221,0x00001222,0x00001272,
  0x22210000,0x42251000,0x48255100,0x42655610,0x21565551,0x11556551,0x00155661,0x00165551,
  0x00001222,0x00015224,0x00156284,0x01655624,0x15565512,0x16556511,0x15655100,0x15561000,
  0x00000000,0x00000000,0x00101000,0x01414100,0x01242100,0x12222210,0x32222610,0x22223331,
  0x00000000,0x10000000,0x31000000,0x21000000,0x21000000,0x12111111,0x12333333,0x01222222,
  0x22223333,0x22222181,0x22211010,0x45210000,0x41210000,0x41210000,0x41410000,0x10100000,
  0x12222222,0x12222222,0x01222222,0x01442555,0x01412111,0x01412101,0x01414101,0x00101000,
  0x00000000,0x00000000,0x00101000,0x01414100,0x01242100,0x12222210,0x32222610,0x22223331,
  0x00000000,0x00000000,0x10000000,0x31000000,0x21000000,0x12111111,0x12333333,0x12222222,
  0x22223333,0x22222181,0x22211010,0x55521000,0x11121000,0x10141000,0x10010000,0x10000000,
  0x12222222,0x12222222,0x01222222,0x14445254,0x14111214,0x14101414,0x14100114,0x14100014,
  0x00000000,0x00000000,0x00101000,0x01414100,0x01242100,0x12222210,0x32222610,0x22223331,
  0x00000000,0x00000000,0x00000000,0x10000000,0x31000000,0x21111111,0x12333333,0x12222222,
  0x22223333,0x22222181,0x22211010,0x42510000,0x42100000,0x42100000,0x12100000,0x14100000,
  0x12222222,0x12222222,0x01222222,0x01445555,0x00141111,0x00141001,0x00121000,0x00141000,
  0x00000000,0x00000000,0x00000000,0x00000000,0x00000000,0x00101000,0x01414100,0x11242100,
  0x00000000,0x00000000,0x00000000,0x00000000,0x10000000,0x31000000,0x21000000,0x12111111,
  0x32222210,0x22222610,0x22223331,0x22223333,0x22222181,0x45211010,0x41210000,0x10100000,
  0x12333333,0x12222222,0x12222222,0x12222222,0x01222222,0x01442555,0x01412111,0x00101000,
  0x22110000,0x22221000,0x22223100,0x22223100,0x21123100,0x21c23100,0x21123100,0x12221000,
  0x00001122,0x00012222,0x00132222,0x00132222,0x00132112,0x00132c12,0x00132112,0x00012221,
  0x31221000,0x73331000,0x72221000,0x73331000,0x12210000,0x12210000,0x13310000,0x01100000,
  0x00012231,0x00013337,0x00012227,0x00013337,0x00001221,0x00001221,0x00001331,0x00000110,
  0x11000000,0x22110000,0x22221000,0x22223100,0x22223100,0x21123100,0x21c23100,0x21123100,
  0x00000011,0x00001122,0x00012222,0x00132222,0x00132222,0x00132112,0x00132c12,0x00132112,
  0x12221000,0x31210000,0x73321000,0x72231000,0x73321000,0x13331000,0x01110000,0x00000000,
  0x00012221,0x00013231,0x00012337,0x00013227,0x00001337,0x00001221,0x00001331,0x00000110,
  0x22110000,0x22221000,0x22223100,0x22223100,0x21123100,0x21c23100,0x21123100,0x12221000,
  0x00001122,0x00012222,0x00132222,0x00132222,0x00132112,0x00132c12,0x00132112,0x00012221,
  0x31221000,0x73331000,0x72221000,0x73331000,0x12210000,0x12210000,0x13310000,0x01100000,
  0x00012231,0x00013337,0x00012227,0x00013337,0x00001221,0x00001221,0x00001331,0x00000110,
  0x11000000,0x22110000,0x22221000,0x22223100,0x22223100,0x21123100,0x21c23100,0x21123100,
  0x00000011,0x00001122,0x00012222,0x00132222,0x00132222,0x00132112,0x00132c12,0x00132112,
  0x12221000,0x31231000,0x73321000,0x72231000,0x73310000,0x12210000,0x13310000,0x01100000,
  0x00012221,0x00001231,0x00012337,0x00013227,0x00012337,0x00013331,0x00001110,0x00000000,
  0x22110000,0x22221000,0x22222100,0x22222100,0x22222100,0x22222100,0x22222100,0x22221000,
  0x00001122,0x00012222,0x00122222,0x00122222,0x00122222,0x00122222,0x00122222,0x00012222,
  0x33221000,0x73331000,0x72221000,0x73331000,0x12210000,0x12210000,0x13310000,0x01100000,
  0x00012233,0x00013337,0x00012227,0x00013337,0x00001221,0x00001221,0x00001331,0x00000110,
  0x11000000,0x22110000,0x22221000,0x22222100,0x22222100,0x22222100,0x22222100,0x22222100,
  0x00000011,0x00001122,0x00012222,0x00122222,0x00122222,0x00122222,0x00122222,0x00122222,
  0x22221000,0x33210000,0x73321000,0x72231000,0x73321000,0x13331000,0x01110000,0x00000000,
  0x00012222,0x00013233,0x00012337,0x00013227,0x00001337,0x00001221,0x00001331,0x00000110,
  0x22110000,0x22221000,0x22222100,0x22222100,0x22222100,0x22222100,0x22222100,0x22221000,
  0x00001122,0x00012222,0x00122222,0x00122222,0x00122222,0x00122222,0x00122222,0x00012222,
  0x33221000,0x73331000,0x72221000,0x73331000,0x12210000,0x12210000,0x13310000,0x01100000,
  0x00012233,0x00013337,0x00012227,0x00013337,0x00001221,0x00001221,0x00001331,0x00000110,
  0x11000000,0x22110000,0x22221000,0x22222100,0x22222100,0x22222100,0x22222100,0x22222100,
  0x00000011,0x00001122,0x00012222,0x00122222,0x00122222,0x00122222,0x00122222,0x00122222,
  0x22221000,0x33231000,0x73321000,0x72231000,0x73310000,0x12210000,0x13310000,0x01100000,
  0x00012222,0x00001233,0x00012337,0x00013227,0x00012337,0x00013331,0x00001110,0x00000000,
  0x22110000,0x22221000,0x22222100,0x22222100,0x22112100,0x221c2100,0x22112100,0x22111000,
  0x00001132,0x00013332,0x00133332,0x00133332,0x00133332,0x00133332,0x00133332,0x00013332,
  0x33100000,0x33100000,0x22100000,0x33100000,0x22100000,0x22100000,0x33310000,0x11100000,
  0x00001233,0x00001322,0x00001222,0x00001322,0x00000122,0x00000122,0x00000133,0x00000011,
  0x11000000,0x22110000,0x22221000,0x22222100,0x22222100,0x22112100,0x221c2100,0x22112100,
  0x00000011,0x00001132,0x00013332,0x00133332,0x00133332,0x00133332,0x00133332,0x00133332,
  0x22111000,0x33100000,0x22100000,0x22110000,0x22221000,0x11333100,0x00111000,0x00000000,
  0x00013332,0x00001233,0x00001333,0x00001222,0x00012333,0x00012211,0x00013310,0x00001100,
  0x22110000,0x22221000,0x22222100,0x22222100,0x22112100,0x221c2100,0x22112100,0x22111000,
  0x00001132,0x00013332,0x00133332,0x00133332,0x00133332,0x00133332,0x00133332,0x00013332,
  0x33100000,0x33100000,0x22100000,0x33100000,0x22100000,0x22100000,0x33310000,0x11100000,
  0x00001233,0x00001322,0x00001222,0x00001322,0x00000122,0x00000122,0x00000133,0x00000011,
  0x11000000,0x22110000,0x22221000,0x22222100,0x22222100,0x22112100,0x221c2100,0x22112100,
  0x00000011,0x00001132,0x00013332,0x00133332,0x00133332,0x00133332,0x00133332,0x00133332,
  0x22111000,0x33100000,0x33100000,0x22110000,0x33221000,0x11221000,0x01333100,0x00111000,
  0x00013332,0x00012233,0x00012233,0x00012222,0x00012233,0x00013311,0x00001100,0x00000000,
  0x22221000,0x22223100,0x22223100,0x21123100,0x21c23100,0x21123100,0x12221000,0x31221000,
  0x00012222,0x00132222,0x00132222,0x00132112,0x00132c12,0x00132112,0x00012221,0x00012231,
  0x73331000,0x72210000,0x73310000,0x12210000,0x12210000,0x13310000,0x01100000,0x00000000,
  0x00013337,0x00001227,0x00001337,0x00001221,0x00001221,0x00001331,0x00000110,0x00000000,
  0x11000000,0x22110000,0x22221000,0x22222100,0x22222100,0x22222100,0x22222100,0x22222100,
  0x00000011,0x00001122,0x00012222,0x00122222,0x00122222,0x00122222,0x00122222,0x00122222,
  0x22221000,0x33221000,0x73331000,0x72210000,0x73310000,0x12210000,0x12210000,0x13310000,
  0x00012222,0x00012233,0x00013337,0x00001227,0x00001337,0x00001221,0x00001221,0x00001331,
  0x21100000,0x22210000,0x22221000,0x22221000,0x21121000,0x21c21000,0x21121000,0x21110000,
  0x00011322,0x00133322,0x01333322,0x01333322,0x01333322,0x01333322,0x01333322,0x00133322,
  0x31000000,0x21000000,0x21000000,0x21000000,0x22100000,0x22100000,0x33310000,0x11100000,
  0x00012333,0x00013332,0x00012222,0x00013332,0x00001122,0x00000122,0x00000133,0x00000011,
  0x00000000,0x00000000,0x00000000,0x00000000,0x00000000,0x00000000,0x00000000,0x00000000,
  0x01710100,0x11711710,0x77777710,0x77777710,0x88888810,0x22222100,0x22222210,0x21112210,
  0x00117101,0x01717117,0x01777777,0x0177777d,0x01888888,0x00122222,0x01222222,0x01221112,
  0x00000000,0x00000000,0x00000000,0x00010000,0x001d1000,0x01dde100,0x1ddddd10,0x01ddd100,
  0x00000000,0x00000000,0x00000000,0x00000000,0x00000000,0x00000000,0x10000000,0x10000000,
  0x29912210,0x29912210,0x21112210,0x12222100,0x22222610,0x12121611,0x33333632,0x44466632,
  0x01221992,0x01221992,0x01221112,0x01522221,0x01522222,0x01521212,0x15433333,0x15545444,
  0x001d1000,0x001c1000,0x001c1000,0x001c1000,0x001c1000,0x001c1011,0x001c1132,0x001c1132,
  0x10000000,0x21000000,0x21000000,0x21000000,0x32100000,0x32100000,0x22210000,0x22210000,
  0x44446632,0x44446663,0x44446663,0x44446663,0x44444666,0x44444666,0x44444666,0x44444666,
  0x55554444,0x45554444,0x54554444,0x55454444,0x55544444,0x55554444,0x45544444,0x54544444,
  0x001c1132,0x001c1321,0x001c1325,0x001c1325,0x001c3245,0x001c3254,0x001c2225,0x001c2225,
  0x66661000,0x66661000,0x66666100,0x66666100,0x66666610,0x66661610,0x66661610,0x11110100,
  0x44444466,0x44444466,0x44444466,0x44444466,0x44444446,0x14444446,0x14144146,0x01011011,
  0x55444444,0x55544444,0x55544444,0x45444444,0x54444444,0x55444144,0x55444144,0x11111011,
  0x001c5455,0x001c5545,0x001c5554,0x001c5555,0x015c4555,0x01555455,0x01515515,0x00101101,
  0x00000000,0x00000000,0x00000000,0x00000000,0x00000000,0x00000000,0x00000000,0x00000000,
  0x00100000,0x01710100,0x11711710,0x77777710,0x77777710,0x88888810,0x22222100,0x22222210,
  0x00001000,0x00117101,0x01717117,0x01777777,0x0177777d,0x01888888,0x00122222,0x01222222,
  0x00000000,0x00000000,0x00000000,0x00000000,0x00010000,0x001d1000,0x01dde100,0x1ddddd10,
  0x00000000,0x00000000,0x00000000,0x00000000,0x00000000,0x00000000,0x00000000,0x10000000,
  0x21112210,0x29912210,0x29912210,0x21112210,0x12222100,0x22222610,0x12121611,0x33333632,
  0x01221112,0x01221992,0x01221992,0x01221112,0x01522221,0x01522222,0x01421212,0x15533333,
  0x01ddd100,0x001d1000,0x001c1000,0x001c1000,0x001c1000,0x001c1000,0x001c1011,0x001c1132,
  0x10000000,0x10000000,0x21000000,0x21000000,0x21000000,0x32100000,0x32100000,0x22210000,
  0x44466632,0x44446632,0x44446663,0x44446663,0x44446663,0x44444666,0x44444666,0x44444666,
  0x15554444,0x45555444,0x54554444,0x55454444,0x55544444,0x55554444,0x45554444,0x54544444,
  0x001c1132,0x001c1132,0x001c1321,0x001c1325,0x001c1325,0x001c3254,0x001c3255,0x001c2225,
  0x22210000,0x66661000,0x66661000,0x66666100,0x66666100,0x66661610,0x66661610,0x11110100,
  0x44444666,0x44444466,0x44444466,0x44444466,0x44444466,0x14444446,0x14144146,0x01011011,
  0x55444444,0x55544444,0x55544444,0x45544444,0x54444444,0x55444144,0x55444144,0x11111011,
  0x001c2225,0x001c5545,0x001c5554,0x001c5555,0x001c4555,0x01555455,0x01515515,0x00101101,
  0xbbebb100,0xbbbbb100,0x1bbb1000,0x01221000,0x01221000,0x01231000,0x0123b100,0x01231000,
  0x11711711,0x77777711,0x77777710,0x88888810,0x22222100,0x22222210,0x21112210,0x2aa12210,
  0x01717117,0x01777777,0x0177777d,0x01888888,0x00122222,0x01222222,0x01221112,0x01221aa2,
  0x01bbebb1,0x01bbbbb1,0x001bbb10,0x001d21b1,0x01dde110,0x1ddddd10,0x01ddd100,0x001d2100,
  0x12310000,0x12310000,0x12310000,0x23100000,0x23100000,0x23100000,0x11000000,0x10000000,
  0x2aa12210,0x21112210,0x12222100,0x22222611,0x12121611,0x33333661,0x44466661,0x44446666,
  0x01221aa2,0x01221112,0x01522221,0x01522222,0x01521212,0x14533333,0x15455444,0x55545444,
  0x001c3210,0x001c3210,0x001b3210,0x001c1321,0x001c1321,0x001c1321,0x001c1110,0x001c1001,
  0x10000000,0x61000000,0x61000000,0x66100000,0x66b10000,0x66610000,0x66610000,0x66661000,
  0x44446666,0x44446666,0x44446666,0x44444666,0x44444666,0x44444666,0x44444666,0x44444466,
  0x55554444,0x45554444,0x54554444,0x55454444,0x55544444,0x55544444,0x45544444,0x54544444,
  0x001c1001,0x001c1015,0x001c1015,0x001c1155,0x001c1145,0x001c1554,0x001c1555,0x001c4555,
  0x66661000,0x66666100,0x66666100,0x66666610,0x66666610,0x66661610,0x66661661,0x11110110,
  0x44444466,0x44444466,0x44444466,0x44444446,0x44444446,0x14444446,0x14144146,0x01011011,
  0x55444444,0x55544444,0x55444444,0x45444444,0x54444444,0x55444144,0x55444144,0x11111011,
  0x001c5455,0x001c5545,0x001c5554,0x015c5555,0x015c4555,0x01555455,0x01515515,0x00101101,
  0x01221000,0x01221000,0x01221000,0x01231000,0x01231000,0x01231000,0x12310000,0x12310000,
  0x77777710,0x88888810,0x22222100,0x22222210,0x21112210,0x2aa12210,0x2aa12210,0x21112210,
  0x0177777d,0x01888888,0x00122222,0x01222222,0x01221112,0x01221aa2,0x01221aa2,0x01221112,
  0x00122100,0x001d2100,0x01dde100,0x1ddddd10,0x01ddd100,0x001d2100,0x001c3210,0x001c3210,
  0x12310000,0x23100000,0x23100000,0x23100000,0x11000000,0x10000000,0x10000000,0x61000000,
  0x12222100,0x22222611,0x12121611,0x33333661,0x44466661,0x44446666,0x44446666,0x44446666,
  0x01522221,0x01422222,0x01521212,0x15533333,0x15555444,0x54555444,0x55454444,0x55544444,
  0x001c3210,0x001c1321,0x001c1321,0x001c1321,0x001c1110,0x001c1001,0x001c1001,0x001c1015,
  0x61000000,0x66100000,0x66100000,0x66610000,0x66610000,0x66661000,0x66661000,0x66666100,
  0x44446666,0x44444666,0x44444666,0x44444666,0x44444666,0x44444466,0x44444466,0x44444466,
  0x55554444,0x45554444,0x54554444,0x55444444,0x55544444,0x55544444,0x45544444,0x54544444,
  0x001c1014,0x001c1155,0x001c1155,0x001c1455,0x001c1545,0x001c5554,0x001c5555,0x001c4555,
  0x66666100,0x66666610,0x66666610,0x66666610,0x66666661,0x66661661,0x66661666,0x11110111,
  0x44444466,0x44444446,0x44444446,0x44444446,0x44444446,0x14444444,0x14144144,0x01011011,
  0x55444444,0x55444444,0x55444444,0x45444444,0x54444444,0x55444144,0x54444144,0x11111011,
  0x001c5455,0x015c5545,0x014c5554,0x155c5555,0x155c4555,0x11555455,0x51515515,0x10101101,
  0x00000000,0x00000000,0x00000000,0x00000000,0x00000000,0x00000000,0x00000000,0x00000000,
  0x00000000,0x00000000,0x00100000,0x01710100,0x11711710,0x77777710,0x77777710,0x88888810,
  0x00000000,0x00000000,0x00001000,0x00117101,0x01717117,0x01777777,0x0177777d,0x01888888,
  0x00000000,0x00000000,0x00000000,0x00000000,0x00000000,0x00000000,0x00010000,0x001d1000,
  0x00000000,0x00000000,0x00000000,0x00000000,0x00000000,0x00000000,0x00000000,0x00000000,
  0x22222100,0x22222210,0x21112210,0x29912210,0x29912210,0x21112210,0x12222100,0x22222610,
  0x00122222,0x01222222,0x01221112,0x01221992,0x01221992,0x01221112,0x01422221,0x01522222,
  0x01dde100,0x1ddddd10,0x01ddd100,0x001d1000,0x001c1000,0x001c1000,0x001c1000,0x001c1000,
  0x00000000,0x10000000,0x10000000,0x10000000,0x21000000,0x21000000,0x21000000,0x32100000,
  0x12121611,0x33333632,0x44466632,0x44446632,0x44446663,0x44446663,0x44446663,0x44444666,
  0x01521212,0x15533333,0x14555444,0x55455444,0x55544444,0x55554444,0x45554444,0x54554444,
  0x001c1011,0x001c1132,0x001c1132,0x001c1132,0x001c1321,0x001c1324,0x001c1325,0x001c3255,
  0x32100000,0x22210000,0x22210000,0x66661000,0x66661000,0x66661000,0x66661000,0x11110000,
  0x44444666,0x44444666,0x44444666,0x44444466,0x44444466,0x14444466,0x14144166,0x01011011,
  0x55454444,0x55544444,0x55544444,0x45544444,0x54544444,0x55444144,0x55444144,0x11111011,
  0x001c3255,0x001c2225,0x001c2224,0x001c5555,0x001c4555,0x00155455,0x00015515,0x00001101,
  0x22110000,0x22221000,0x22223100,0x22223100,0x22223100,0x21223100,0x31443100,0x44441000,
  0x00001122,0x00012222,0x00132222,0x00132222,0x00132222,0x00132212,0x00134413,0x00014444,
  0x44861000,0x66861000,0xa9981000,0x66821000,0x66881000,0x86861000,0x11110000,0x00000000,
  0x00016644,0x00016666,0x0001899a,0x00012666,0x00016666,0x00018686,0x00001111,0x00000000,
  0x11000000,0x22110000,0x22221000,0x22223100,0x22223100,0x22223100,0x21223100,0x31443100,
  0x00000011,0x00001122,0x00012222,0x00132222,0x00132222,0x00132222,0x00132212,0x00134413,
  0x44441000,0x44861000,0x66861000,0xa9981000,0x66821000,0x66881000,0x86861000,0x11110000,
  0x00014444,0x00016644,0x00016666,0x0001899a,0x00012666,0x00016666,0x00018686,0x00001111,
  0x66661000,0xdddd1100,0x76767610,0x66666610,0x22244100,0x21244100,0x21223100,0x22321000,
  0x00016666,0x0011dddd,0x01767676,0x01666666,0x00144222,0x00144212,0x00132212,0x00012322,
  0x33861000,0x77861000,0x99981000,0x77821000,0x1bb10000,0x1bb10000,0x1cc10000,0x01100000,
  0x00016633,0x00016677,0x00018999,0x00012677,0x00001bb1,0x00001bb1,0x00001cc1,0x00000110,
  0x77771000,0x66661000,0xdddd1100,0x76767610,0x66666610,0x22244100,0x21244100,0x21223100,
  0x00017777,0x00016666,0x0011dddd,0x01767676,0x01666666,0x00144222,0x00144212,0x00132212,
  0x22321000,0x33861000,0x77861000,0x99981000,0x77821000,0x1bb10000,0x1cc10000,0x01100000,
  0x00012322,0x00016633,0x00016677,0x00018999,0x00012677,0x00001bb1,0x00001cc1,0x00000110,
  0x55110000,0x55551000,0x44444100,0x24444100,0x22244100,0x21244100,0x21244100,0x22344100,
  0x00001144,0x00014444,0x00144444,0x00144442,0x00144222,0x00144212,0x00144212,0x00144322,
  0x33844100,0x66844100,0xa9981000,0x66821000,0x66881000,0x86861000,0x11110000,0x00000000,
  0x00144633,0x00144666,0x0001899a,0x00012666,0x00016666,0x00018686,0x00001111,0x00000000,
  0x11000000,0x55110000,0x55551000,0x44444100,0x24444100,0x22244100,0x21244100,0x21244100,
  0x00000011,0x00001144,0x00014444,0x00144444,0x00144442,0x00144222,0x00144212,0x00144212,
  0x22344100,0x33844100,0x66844100,0xa9981000,0x66821000,0x66881000,0x86861000,0x11110000,
  0x00144322,0x00144633,0x00144666,0x0001899a,0x00012666,0x00016666,0x00018686,0x00001111,
  0x10000000,0x21000000,0x21000000,0x33100000,0x71000000,0x71000000,0x71000000,0x71000000,
  0x00000001,0x00000012,0x00000012,0x00000133,0x00000018,0x00000018,0x00000018,0x00000018,
  0x71000000,0x71000000,0x71000000,0x7e100000,0x71c10000,0x1e100000,0x01000000,0x00000000,
  0x00000018,0x00000018,0x00000018,0x000001e8,0x00001c18,0x000001e1,0x00000010,0x00000000,
  0x00000000,0x000ee000,0x00edde00,0x0ed44de0,0x0ed44de0,0x00edde00,0x000ee000,0x00000000,
  0x000ee000,0x00edde00,0x0edddde0,0xedd44dde,0xedd44dde,0x0edddde0,0x00edde00,0x000ee000,
  0x00000000,0xa0000000,0x8aa00000,0x888a0000,0x9988a000,0x49988a00,0x44998a00,0x444988a0,
  0x00000000,0x0000000a,0x00000aa8,0x0000a888,0x00aa8899,0x00a88999,0x00a89994,0x0a889944,
  0x449988a0,0x49998a00,0x99988a00,0x9988a000,0x888a0a00,0x8aa00000,0xa0000000,0x00000000,
  0x0a889994,0x0aa89999,0x00a88999,0x000a8899,0x0000a888,0x00000aa8,0x0000000a,0x00000000,
  0x00000000,0xaaa00000,0x888aa000,0x99888a00,0x49988a00,0x444988a0,0x444998a0,0x444498a0,
  0x00000000,0x00000aaa,0x000aa888,0x00a88899,0x00a88999,0x0a889944,0x0a899944,0x0a899444,
  0x444998a0,0x444998a0,0x499988a0,0x99988a00,0x99888a00,0x888aa000,0xaaa00000,0x00000000,
  0x0a899944,0x0a899944,0x0a889999,0x00a88999,0x00a88899,0x000aa888,0x00000aaa,0x00000000,
  0x00000000,0x00777700,0x07eeee70,0x07edde70,0x07edde70,0x07eeee70,0x00777700,0x00000000,
  0x00077000,0x007ee700,0x07eeee70,0x7ee44ee7,0x7ee44ee7,0x07eeee70,0x007ee700,0x00077000,
  0x00000000,0x00000000,0x00000000,0x00000000,0x00000000,0x8a000000,0x48a00000,0x44800000,
  0x00000000,0x00000000,0x00000000,0x00000000,0x00000000,0x000000a8,0x00000a84,0x00000844,
  0x44800000,0x48a00000,0x8a000000,0x00000000,0x00000000,0x00000000,0x00000000,0x00000000,
  0x00000844,0x00000a84,0x000000a8,0x00000000,0x00000000,0x00000000,0x00000000,0x00000000,
  0x00000000,0x00000000,0xaa000000,0x8aaa0000,0x888aa000,0x9888a000,0x9988aa00,0x99988a00,
  0x00000000,0x00000000,0x000000aa,0x0000aaa8,0x000aa888,0x000a8889,0x00aa8899,0x00a88999,
  0x99988a00,0x9988aa00,0x9888a000,0x888aa000,0x8aaa0000,0xaa000000,0x00000000,0x00000000,
  0x00a88999,0x00aa8899,0x000a8889,0x000aa888,0x0000aaa8,0x000000aa,0x00000000,0x00000000,
  0x00000000,0x77770000,0x66777000,0x66667700,0x86666770,0x88866770,0x88866670,0x88886670,
  0x00000000,0x00007777,0x00077766,0x00776666,0x07766668,0x07766888,0x07666888,0x07668888,
  0x88886670,0x88866670,0x88866770,0x86666770,0x66667700,0x66777000,0x77770000,0x00000000,
  0x07668888,0x07666888,0x07766888,0x07766668,0x00776666,0x00077766,0x00007777,0x00000000,
  0x00000000,0x70000000,0x00000000,0x00006700,0x00000000,0x00000000,0x00000000,0x00000000,
  0x00000000,0x00000006,0x00076000,0x00000000,0x00000000,0x00000000,0x00000000,0x07600000,
  0x00000670,0x00000000,0x00000000,0x00000000,0x00067000,0x00000000,0x70000000,0x00000000,
  0x00000000,0x00000000,0x00000000,0x00760000,0x00000000,0x00000000,0x00000006,0x00000000,
  0x00000000,0x00000000,0x00040000,0x00044400,0x00444000,0x00004000,0x00000000,0x00000000,
  0x00000000,0x00050000,0x00040000,0x00044450,0x05444000,0x00004000,0x00005000,0x00000000,
  0x00050000,0x00050000,0x00040000,0x00044455,0x55444000,0x00004000,0x00005000,0x00005000,
  0x00000000,0x00000000,0x00040000,0x00044400,0x00444000,0x00004000,0x00000000,0x00000000,
  0x00000000,0x00000000,0x00066400,0x00666600,0x00666600,0x00066000,0x00000000,0x00000000,
  0x00000000,0x00000000,0x00666400,0x00666600,0x00666600,0x00666600,0x00000000,0x00000000,
  0x00000000,0x00666600,0x06666460,0x06666660,0x06666660,0x06666660,0x00666600,0x00000000,
  0x00000000,0x00777700,0x07777770,0x07777770,0x07777770,0x07777770,0x00777700,0x00000000,
  0x00000000,0x00000000,0x000bc000,0x00cbbc00,0x000bc000,0x000c0000,0x00000000,0x00000000,
  0x00000000,0x00000000,0x000c0000,0x00cbb000,0x000bbc00,0x0000c000,0x00000000,0x00000000,
  0x00004000,0x00004000,0x00440440,0x04409044,0x00440440,0x00004000,0x00004000,0x00000000,
  0x09009009,0x00909090,0x00099900,0x09990999,0x00099900,0x00909090,0x09009009,0x00000000,
  0x00008000,0x08000080,0x00000000,0x80000008,0x00000000,0x00000000,0x08000080,0x00008000,
  0x00000000,0x00000000,0x00000000,0x00000000,0x000ff000,0x000ff000,0x00000000,0x00000000,
  0x00000000,0x00000000,0x00000000,0x000ff000,0x00ffff00,0x00ffff00,0x000ff000,0x00000000,
  0x00000000,0x00000000,0x00000000,0x00666600,0x06666660,0x06666660,0x00666600,0x00000000,
  0x00000000,0x00000000,0x00000000,0x000a8000,0x00099000,0x00000000,0x00000000,0x00000000,
  0x00000000,0x00000000,0x00000000,0x000a9000,0x00009000,0x00000000,0x00000000,0x00000000,
  0x00000000,0x00000000,0x00000000,0x000a8000,0x00009000,0x00000000,0x00000000,0x00000000,
  0x000cc000,0x00cbbc00,0x0ccbbcc0,0xcbbbbbbc,0xcbbbbbbc,0x0ccbbcc0,0x00cbbc00,0x000cc000,
  0x000cc000,0x00c44c00,0x0cc44cc0,0xc444444c,0xc444444c,0x0cc44cc0,0x00c44c00,0x000cc000,
  0x000cc000,0x00cbbc00,0x0ccbbcc0,0xcbbbbbbc,0xcbbbbbbc,0x0ccbbcc0,0x00cbbc00,0x000cc000,
  0x00222220,0x00211120,0x00212120,0x00212120,0x00212120,0x00211120,0x00222220,0x00000000,
  0x00022200,0x00021220,0x00021120,0x00021220,0x00221220,0x00211120,0x00222220,0x00000000,
  0x00222220,0x00211120,0x00212220,0x00211120,0x00222120,0x00211120,0x00222220,0x00000000,
  0x00222220,0x00211120,0x00212220,0x00211120,0x00212220,0x00211120,0x00222220,0x00000000,
  0x00222220,0x00212120,0x00212120,0x00211120,0x00212220,0x00212000,0x00222000,0x00000000,
  0x00222220,0x00211120,0x00222120,0x00211120,0x00212220,0x00211120,0x00222220,0x00000000,
  0x00222220,0x00211120,0x00222120,0x00211120,0x00212120,0x00211120,0x00222220,0x00000000,
  0x00222220,0x00211120,0x00212220,0x00212000,0x00212000,0x00212000,0x00222000,0x00000000,
  0x00222220,0x00211120,0x00212120,0x00211120,0x00212120,0x00211120,0x00222220,0x00000000,
  0x00222220,0x00211120,0x00212120,0x00211120,0x00212220,0x00211120,0x00222220,0x00000000,
  0x00eeee00,0x0e3333e0,0xe333433e,0x33334333,0x33333333,0xe335333e,0x0e3333e0,0x00eeee00,
  0x00eeee00,0x0e3333e0,0x0e3343e0,0xe333433e,0xe333333e,0x0e3533e0,0x0e3333e0,0x00eeee00,
  0x000ee000,0x00e33e00,0x00e33e00,0x00e33e00,0x00e33e00,0x00e33e00,0x00e33e00,0x000ee000,
  0x00eeee00,0x0e3333e0,0x0e3343e0,0xe333433e,0xe333333e,0x0e3533e0,0x0e3333e0,0x00eeee00,
  0x00ff0ff0,0x0f88f88f,0xf8668778,0xf8666668,0x0f86668f,0x00f868f0,0x000f8f00,0x0000f000,
  0x0000f000,0x000f9f00,0x00f9a9f0,0x0f9aca9f,0x0f9aaa9f,0x00f9a9f0,0x000f9f00,0x0000f000,
  0x000ff000,0x00fddf00,0x00fccf00,0x0fccccf0,0xfc6666cf,0xfc6676cf,0x0fccccf0,0x00ffff00,
  0x000ff000,0x00fddf00,0x00fccf00,0x0fccccf0,0xfc9999cf,0xfc99a9cf,0x0fccccf0,0x00ffff00,
  0x0000e343,0x0000e3e3,0x0000e333,0x0000ee3e,0x000e333e,0x0000ee3e,0x0000e33e,0x00000ee0,
  0x00000000,0x00000000,0x00000000,0x00000400,0x00044340,0x04435340,0x43335340,0x53335340,
  0x00000000,0x00000000,0x00000000,0x00000000,0x00000000,0x00000000,0x00000004,0x00000043,
  0x43335340,0x04435340,0x00044340,0x00000400,0x00000000,0x00000000,0x00000000,0x00000000,
  0x00000004,0x00000000,0x00000000,0x00000000,0x00000000,0x00000000,0x00000000,0x00000000,
  0x00000000,0x00000000,0x00000000,0x00004000,0x00443400,0x44333400,0x35333400,0x35333400,
  0x00000000,0x00000000,0x00000000,0x00000000,0x00000000,0x00000000,0x00000044,0x00000433,
  0x35333400,0x44333400,0x00443400,0x00004000,0x00000000,0x00000000,0x00000000,0x00000000,
  0x00000044,0x00000000,0x00000000,0x00000000,0x00000000,0x00000000,0x00000000,0x00000000,
  0x55557000,0x55555700,0x55555700,0x65555700,0x56555700,0x66555700,0x56555700,0x56555700,
  0x00075555,0x00755555,0x00755555,0x00755556,0x00755565,0x00755566,0x00755565,0x00755565,
  0x55555700,0x55555700,0x55555700,0x55557000,0x57770000,0x57000000,0x70000000,0x00000000,
  0x00755555,0x00755555,0x00755555,0x00075555,0x00007775,0x00000007,0x00000000,0x00000000,
  0x77770000,0x55557000,0x55555700,0x55555700,0x65555700,0x56555700,0x66555700,0x56555700,
  0x00007777,0x00075555,0x00755555,0x00755555,0x00755556,0x00755565,0x00755566,0x00755565,
  0x56555700,0x55555700,0x55555700,0x55555700,0x55557000,0x57770000,0x57000000,0x70000000,
  0x00755565,0x00755555,0x00755555,0x00755555,0x00075555,0x00007775,0x00000007,0x00000000,
  0xcc000000,0x56c00000,0x56c00000,0x56c00000,0x56c00000,0x56c00000,0x56c00000,0x56c00000,
  0x000000cc,0x00000c66,0x00000c66,0x00000c66,0x00000c66,0x00000c66,0x00000c66,0x00000c66,
  0x66c00000,0xcc000000,0x56c00000,0x56c00000,0x66c00000,0xcc000000,0x00000000,0x00000000,
  0x00000c66,0x000000cc,0x00000c66,0x00000c66,0x00000c66,0x000000cc,0x00000000,0x00000000,
  0x00000000,0xcc000000,0x56c00000,0x56c00000,0x56c00000,0x56c00000,0x56c00000,0x56c00000,
  0x00000000,0x000000cc,0x00000c66,0x00000c66,0x00000c66,0x00000c66,0x00000c66,0x00000c66,
  0x56c00000,0x66c00000,0xcc000000,0x56c00000,0x56c00000,0x66c00000,0xcc000000,0x00000000,
  0x00000c66,0x00000c66,0x000000cc,0x00000c66,0x00000c66,0x00000c66,0x000000cc,0x00000000,
  0x00000000,0x00000000,0x00000000,0x00055000,0x00055000,0x00000000,0x00000000,0x00000000,
  0x00000000,0x00000000,0x00050000,0x00055500,0x00555000,0x00005000,0x00000000,0x00000000,
  0x00000000,0x00050000,0x00050000,0x00055550,0x05555000,0x00005000,0x00005000,0x00000000,
  0x00000000,0x00000000,0x00050000,0x00055500,0x00555000,0x00005000,0x00000000,0x00000000,
};

const u16 obj_pal_init[256] = {
  0x0000,0x1465,0x533f,0x3e7b,0x152f,0x1dd5,0x6da7,0x7a6d,0x5105,0x110d,0x2b5e,0x4569,0x28c5,0x5e93,0x7b9b,0x7fff,
  0x0000,0x1465,0x7ffe,0x6f17,0x49ed,0x233e,0x0df5,0x1db3,0x0ceb,0x7fd9,0x7aab,0x5d65,0x7ffd,0x18b4,0x679d,0x7fff,
  0x0000,0x10e3,0x334b,0x47d3,0x2245,0x7fff,0x311c,0x6b5f,0x0000,0x0000,0x0000,0x0000,0x0000,0x0000,0x0000,0x0000,
  0x0000,0x28a3,0x764a,0x7f32,0x5d65,0x7fff,0x311c,0x6b5f,0x0000,0x0000,0x0000,0x0000,0x0000,0x0000,0x0000,0x0000,
  0x0000,0x1843,0x5d2f,0x71f5,0x40a9,0x4ceb,0x6591,0x211f,0x7fff,0x0000,0x0000,0x0000,0x0000,0x0000,0x0000,0x0000,
  0x0000,0x1864,0x6b9d,0x4ab6,0x6b9d,0x7fff,0x5f3a,0x6fbe,0x3a11,0x1d2b,0x5319,0x5f3a,0x3a11,0x4b8c,0x63f4,0x7fff,
  0x0000,0x1464,0x4e31,0x66f7,0x396b,0x737b,0x235f,0x253c,0x7fff,0x0000,0x0000,0x0000,0x0000,0x0000,0x0000,0x0000,
  0x0000,0x1023,0x677c,0x4a95,0x44ab,0x6131,0x2c46,0x233e,0x0df5,0x4bec,0x6ff9,0x7e16,0x196f,0x28dc,0x7fff,0x2045,
  0x0000,0x1465,0x4f1e,0x3a5a,0x7bde,0x7fff,0x25b1,0x3656,0x150b,0x0cc9,0x2b1c,0x192d,0x08a7,0x4da9,0x666f,0x7fff,
  0x0000,0x1465,0x533f,0x3e7b,0x10eb,0x1d6f,0x1abd,0x335f,0x0dd5,0x110d,0x7bff,0x4da9,0x2ce5,0x1d38,0x31fd,0x7fff,
  0x0000,0x1465,0x533f,0x3e7b,0x5a9d,0x6b3f,0x7fde,0x7fff,0x6f17,0x26db,0x3b9f,0x6e6b,0x55a7,0x7acf,0x7f55,0x7fff,
  0x0000,0x03e0,0x0140,0x0000,0x7fff,0x4fdf,0x737b,0x4610,0x125f,0x239f,0x0cdc,0x2f4b,0x19e5,0x7ecc,0x7996,0x25f4,
  0x0000,0x239f,0x01d4,0x133f,0x53ff,0x0a19,0x24dd,0x4a1f,0x1872,0x7e88,0x7f74,0x61df,0x7fdd,0x331b,0x09b0,0x1864,
  0x0000,0x7fff,0x24c6,0x231e,0x0dd4,0x6bdf,0x253c,0x7249,0x332b,0x7338,0x41ad,0x121f,0x1042,0x43bf,0x169b,0x4e31,
  0x0000,0x295f,0x1048,0x0000,0x0000,0x0000,0x0000,0x0000,0x0000,0x0000,0x0000,0x0000,0x0000,0x0000,0x0000,0x0000,
  0x0000,0x7fff,0x7fff,0x7fff,0x7fff,0x7fff,0x7fff,0x7fff,0x7fff,0x7fff,0x7fff,0x7fff,0x7fff,0x7fff,0x7fff,0x7fff,
};

const u16 ui_pal[64] = {
  0x0000,0x0c42,0x2d08,0x2d1c,0x4a1f,0x1c72,0x7608,0x7f10,0x5124,0x231e,0x43df,0x1a1c,0x7fff,0x133f,0x09d4,0x6ab4,
  0x0000,0x7fff,0x2484,0x339f,0x399f,0x438e,0x7f4e,0x62b4,0x2883,0x7f7a,0x660e,0x38e6,0x229f,0x7e58,0x49cd,0x0c21,
  0x0000,0x7fff,0x0c26,0x339f,0x41df,0x438e,0x7f4e,0x62b4,0x0c25,0x6f5f,0x3558,0x146c,0x229f,0x7e58,0x314f,0x0c21,
  0x0000,0x7fff,0x0842,0x339f,0x399f,0x438e,0x7f4e,0x62b4,0x0000,0x7f7a,0x660e,0x38e6,0x229f,0x7e58,0x49cd,0x0c21,
};

const u32 ui_tiles[256] __attribute__((aligned(4))) = {
  0x00000000,0x00000000,0x00000000,0x00000000,0x00000000,0x00000000,0x00000000,0x00000000,
  0x88888888,0x88888888,0x88888888,0x88888888,0x88888888,0x88888888,0x88888888,0x88888888,
  0xbbbbb000,0xaaaaa900,0x99999990,0x888889ab,0x888889ab,0x888889ab,0x888889ab,0x888889ab,
  0xbbbbbbbb,0xaaaaaaaa,0x99999999,0x88888888,0x88888888,0x88888888,0x88888888,0x88888888,
  0x000bbbbb,0x009aaaaa,0x09999999,0xba988888,0xba988888,0xba988888,0xba988888,0xba988888,
  0x888889ab,0x888889ab,0x888889ab,0x888889ab,0x888889ab,0x888889ab,0x888889ab,0x888889ab,
  0xba988888,0xba988888,0xba988888,0xba988888,0xba988888,0xba988888,0xba988888,0xba988888,
  0x888889ab,0x888889ab,0x888889ab,0x888889ab,0x888889ab,0x999999a0,0xaaaaa900,0xbbbbb000,
  0x88888888,0x88888888,0x88888888,0x88888888,0x88888888,0x99999999,0xaaaaaaaa,0xbbbbbbbb,
  0xba988888,0xba988888,0xba988888,0xba988888,0xba988888,0x0a999999,0x009aaaaa,0x000bbbbb,
  0x00cccc00,0x0c3333c0,0xc333133c,0xc333133c,0xc333133c,0xc333333c,0x0c3333c0,0x00cccc00,
  0x00000000,0x00002220,0x00002020,0x00002220,0x00000200,0x00002200,0x00000200,0x00002200,
  0x000ee000,0x00011000,0x00111100,0x01444410,0x01441410,0x01444410,0x00111100,0x00000000,
  0x00000000,0x00011000,0x00111100,0x01111110,0x00000000,0x00000000,0x00000000,0x00000000,
  0x00000000,0x00000000,0x00000000,0x00000000,0x01111110,0x00111100,0x00011000,0x00000000,
  0x00000000,0x00440440,0x04444444,0x04444444,0x00444440,0x00044400,0x00004000,0x00000000,
  0x00000000,0x00000000,0x00000000,0x00000000,0x00000000,0x00000000,0x00000000,0x00000000,
  0x00000000,0x00000000,0x00000000,0x00000000,0x00000000,0x00000000,0x00000000,0x00000000,
  0x00000000,0x00000000,0x00000000,0x00000000,0x00000000,0x00000000,0x00000000,0x00000000,
  0x00000000,0x00000000,0x00000000,0x00000000,0x00000000,0x00000000,0x00000000,0x00000000,
  0x00000000,0x00000000,0x00000000,0x00000000,0x00000000,0x00000000,0x00000000,0x00000000,
  0x00000000,0x00000000,0x00000000,0x00000000,0x00000000,0x00000000,0x00000000,0x00000000,
  0x00000000,0x00000000,0x00000000,0x00000000,0x00000000,0x00000000,0x00000000,0x00000000,
  0x00000000,0x00000000,0x00000000,0x00000000,0x00000000,0x00000000,0x00000000,0x00000000,
  0x00000000,0x00000000,0x00000000,0x00000000,0x00000000,0x00000000,0x00000000,0x00000000,
  0x00000000,0x00000000,0x00000000,0x00000000,0x00000000,0x00000000,0x00000000,0x00000000,
  0x00000000,0x00000000,0x00000000,0x00000000,0x00000000,0x00000000,0x00000000,0x00000000,
  0x00000000,0x00000000,0x00000000,0x00000000,0x00000000,0x00000000,0x00000000,0x00000000,
  0x00000000,0x00000000,0x00000000,0x00000000,0x00000000,0x00000000,0x00000000,0x00000000,
  0x00000000,0x00000000,0x00000000,0x00000000,0x00000000,0x00000000,0x00000000,0x00000000,
  0x00000000,0x00000000,0x00000000,0x00000000,0x00000000,0x00000000,0x00000000,0x00000000,
  0x00000000,0x00000000,0x00000000,0x00000000,0x00000000,0x00000000,0x00000000,0x00000000,
};

const u8 font_w[95] = {
  2,1,3,5,5,5,5,1,3,3,5,3,2,3,1,4,5,5,5,5,5,5,5,5,
  5,5,1,1,3,4,3,5,5,5,5,5,5,5,5,5,5,3,5,5,5,5,5,5,
  5,5,5,5,5,5,5,5,5,5,5,2,5,2,3,5,5,5,5,5,5,5,4,5,
  5,3,3,4,3,5,5,5,5,5,4,5,4,5,5,5,5,5,5,5,5,5,5,
};

const u8 font_rows[760] = {
  0,0,0,0,0,0,0,0,128,128,128,128,128,0,128,0,160,160,0,0,0,0,0,0,80,248,80,248,80,0,0,0,
  112,136,8,48,32,0,32,0,200,208,32,32,88,152,0,0,96,144,160,64,168,144,104,0,128,128,0,0,0,0,0,0,
  32,64,128,128,128,64,32,0,128,64,32,32,32,64,128,0,0,168,112,248,112,168,0,0,0,0,64,224,64,0,0,0,
  0,0,0,0,0,0,64,128,0,0,0,224,0,0,0,0,0,0,0,0,0,0,128,0,16,16,32,32,64,64,128,0,
  112,136,152,168,200,136,112,0,32,96,32,32,32,32,112,0,112,136,8,16,32,64,248,0,112,136,8,48,8,136,112,0,
  16,48,80,144,248,16,16,0,248,128,240,8,8,136,112,0,112,128,128,240,136,136,112,0,248,8,16,32,64,64,64,0,
  112,136,136,112,136,136,112,0,112,136,136,120,8,8,112,0,0,0,0,128,0,128,0,0,0,0,0,128,0,128,128,0,
  0,32,64,128,64,32,0,0,0,0,240,0,240,0,0,0,0,128,64,32,64,128,0,0,112,136,8,48,32,0,32,0,
  112,136,8,48,32,0,32,0,112,136,136,248,136,136,136,0,240,136,136,240,136,136,240,0,112,136,128,128,128,136,112,0,
  224,144,136,136,136,144,224,0,248,128,128,240,128,128,248,0,248,128,128,240,128,128,128,0,112,136,128,184,136,136,112,0,
  136,136,136,248,136,136,136,0,224,64,64,64,64,64,224,0,56,16,16,16,16,144,96,0,136,144,160,192,160,144,136,0,
  128,128,128,128,128,128,248,0,136,216,168,168,136,136,136,0,136,200,168,152,136,136,136,0,112,136,136,136,136,136,112,0,
  240,136,136,240,128,128,128,0,112,136,136,136,168,144,104,0,240,136,136,240,160,144,136,0,120,128,128,112,8,8,240,0,
  248,32,32,32,32,32,32,0,136,136,136,136,136,136,112,0,136,136,136,136,136,80,32,0,136,136,136,168,168,216,136,0,
  136,136,80,32,80,136,136,0,136,136,80,32,32,32,32,0,248,8,16,32,64,128,248,0,192,128,128,128,128,128,192,0,
  112,136,8,48,32,0,32,0,192,64,64,64,64,64,192,0,64,160,0,0,0,0,0,0,0,0,0,0,0,0,0,248,
  112,136,8,48,32,0,32,0,0,0,112,8,120,136,120,0,128,128,240,136,136,136,240,0,0,0,112,136,128,136,112,0,
  8,8,120,136,136,136,120,0,0,0,112,136,248,128,112,0,48,64,240,64,64,64,64,0,0,0,120,136,136,120,8,112,
  128,128,240,136,136,136,136,0,0,64,0,192,64,64,224,0,0,32,0,32,32,32,160,64,128,128,144,160,192,160,144,0,
  192,64,64,64,64,64,224,0,0,0,208,168,168,168,168,0,0,0,240,136,136,136,136,0,0,0,112,136,136,136,112,0,
  0,0,240,136,136,240,128,128,0,0,120,136,136,120,8,8,0,0,176,192,128,128,128,0,0,0,120,128,112,8,240,0,
  0,64,240,64,64,64,48,0,0,0,136,136,136,136,120,0,0,0,136,136,136,80,32,0,0,0,136,136,168,168,80,0,
  0,0,136,80,32,80,136,0,0,0,136,136,136,120,8,112,0,0,248,16,32,64,248,0,112,136,8,48,32,0,32,0,
  112,136,8,48,32,0,32,0,112,136,8,48,32,0,32,0,112,136,8,48,32,0,32,0,
};

const s16 sin256[256] = {
  0,6,13,19,25,31,38,44,50,56,62,68,74,80,86,92,
  98,104,109,115,121,126,132,137,142,147,152,157,162,167,172,177,
  181,185,190,194,198,202,206,209,213,216,220,223,226,229,231,234,
  237,239,241,243,245,247,248,250,251,252,253,254,255,255,256,256,
  256,256,256,255,255,254,253,252,251,250,248,247,245,243,241,239,
  237,234,231,229,226,223,220,216,213,209,206,202,198,194,190,185,
  181,177,172,167,162,157,152,147,142,137,132,126,121,115,109,104,
  98,92,86,80,74,68,62,56,50,44,38,31,25,19,13,6,
  0,-6,-13,-19,-25,-31,-38,-44,-50,-56,-62,-68,-74,-80,-86,-92,
  -98,-104,-109,-115,-121,-126,-132,-137,-142,-147,-152,-157,-162,-167,-172,-177,
  -181,-185,-190,-194,-198,-202,-206,-209,-213,-216,-220,-223,-226,-229,-231,-234,
  -237,-239,-241,-243,-245,-247,-248,-250,-251,-252,-253,-254,-255,-255,-256,-256,
  -256,-256,-256,-255,-255,-254,-253,-252,-251,-250,-248,-247,-245,-243,-241,-239,
  -237,-234,-231,-229,-226,-223,-220,-216,-213,-209,-206,-202,-198,-194,-190,-185,
  -181,-177,-172,-167,-162,-157,-152,-147,-142,-137,-132,-126,-121,-115,-109,-104,
  -98,-92,-86,-80,-74,-68,-62,-56,-50,-44,-38,-31,-25,-19,-13,-6,
};

const u32 title_tiles[2400] __attribute__((aligned(4))) = {
  0x00000000,0x00000000,0x00000000,0x00000000,0x00000000,0x00000000,0x00000000,0x00000000,
  0x00000000,0x00000000,0x00000000,0x00000000,0x0000000e,0x00000000,0x00000000,0x00000000,
  0x00000000,0x00000000,0x00000000,0x00000000,0x00000000,0x00000000,0x00000000,0x00000e00,
  0x00000000,0x00000000,0x00000007,0x00000000,0x00000000,0x00000000,0x00000000,0x00000000,
  0x00000000,0x00000000,0x00000000,0x00000000,0x00000000,0x00000000,0x00070000,0x00000000,
  0x00000000,0x00000000,0x000000e0,0x00000000,0x00000000,0x00000000,0x00000000,0x00000000,
  0x00000000,0x00000000,0x00000000,0x00000000,0x00000000,0x00000000,0x00000000,0x0000000e,
  0x00007000,0x00000070,0x00000000,0x00000000,0x00000000,0x00000000,0x00000000,0x00000000,
  0x00000000,0x00000000,0x00000000,0x00000000,0x00000000,0x00000000,0x00000000,0x0000e000,
  0x70000000,0x00000000,0x00000000,0x00000000,0x00000000,0x00000000,0x00000000,0x00000000,
  0x00000000,0x00000000,0x00000000,0x00000000,0x00000000,0x00000000,0x00000000,0xd0000000,
  0x00000000,0x00000000,0x00007000,0x00000000,0x00000000,0x00000000,0x00000000,0xdddddddd,
  0x00000000,0x00000000,0x00000000,0x00000000,0x00000000,0x00000000,0x00000000,0xdddddddd,
  0x00000000,0x00000000,0x00000000,0x00000000,0x00000000,0x00000000,0x00000000,0x00ddddd0,
  0x00000000,0x00000000,0x00000000,0x00000000,0x00000000,0x00000000,0x00000000,0xddd00000,
  0x00000000,0x00000000,0x00000000,0x00000000,0x00000000,0x00000000,0x00000000,0xddddd0dd,
  0x00000000,0x00000000,0x00000000,0x00000000,0x00000000,0x00000000,0x00000000,0xddd0000d,
  0x00000000,0x00000000,0x00000000,0x00000000,0xe0000000,0x00000000,0x00000000,0xd0dddddd,
  0x00000000,0x00000000,0x00000000,0x0000e000,0x00000000,0x00000000,0x00000000,0x000ddddd,
  0x00000000,0x00000000,0x00000000,0x00000000,0x00000000,0x00000000,0x00000000,0xddd00007,
  0x00070000,0x00000000,0x00000000,0x00000000,0x00000000,0x00000000,0x00000000,0xdd0000dd,
  0x00000000,0x00000000,0x00000000,0x00000000,0x00000000,0x00000000,0x00000000,0x000000dd,
  0x00000000,0x00000000,0x00000000,0x00000000,0x01010101,0x00000000,0x01010101,0x10001000,
  0xd0000000,0xd0000000,0xd0000000,0xd0000000,0xd1010101,0xd0000000,0xd1010101,0xd0001000,
  0xbbbbbbbb,0xbbbbbbbb,0xbbbbbbbb,0xdddddbbb,0xffffdbbb,0x000fdbbb,0x010fdbbb,0x100fdbbb,
  0xdbbbbbbb,0xdbbbbbbb,0xdbbbbbbb,0xdddddddd,0xffffffff,0x00000000,0x01010101,0x10001000,
  0x00dbbbd0,0x0fdbbbdf,0xdddbbbdf,0xbbbbbbdf,0xbbbbbbdf,0xbbbbbbd0,0xdddbbbd1,0xdfdbbbd0,
  0xbbd00000,0xbbd00000,0xbbdddd0d,0xbbbbbd0d,0xbbbbbdfd,0xbbbbbddd,0xbbdddbbb,0xbbdfdbbb,
  0xbbbbd0db,0xbbbbdfdb,0xbbbbdfdb,0xdbbbdfdb,0xdbbbdfdb,0xdbbbdfdb,0xdbbbdfdb,0xdbbbdfdb,
  0xbbbbbbbb,0xbbbbbbbb,0xbbbbbbbb,0xdddddddd,0xdfffffff,0xd000000f,0xd101010f,0xd000100f,
  0xbbd0000d,0xbbd000fd,0xbbd0dddd,0xbbd0dbbb,0xbbdfdbbb,0xbbdfdbbb,0xbbdfdbbb,0xbbdfdbbb,
  0xbbbbbbbb,0xbbbbbbbb,0xbbbbbbbb,0xdddddddb,0xffffffdb,0x00000fdb,0x01010fdb,0x10001fdb,
  0xd0dbbbbb,0xdfdbbbbb,0xdfdbbbbb,0xdfdddddd,0xdfffffff,0xd0000000,0xd1010101,0xd0001000,
  0x000dbbbb,0x00fdbbbb,0xddddbbbb,0xdbbbdddd,0xdbbbdfff,0xdbbbd000,0xdbbbd101,0xdbbbd000,
  0x00dbbbd0,0x0fdbbbd0,0x0fdbbbd0,0x0fdbbbd0,0x0fdbbbdf,0x0fdbbbdf,0x0fdbbbdf,0x1fdbbbdf,
  0xbbd00000,0xbbd00000,0xbbd00000,0xbbd00000,0xbbd10101,0xbbd00000,0xbbd10101,0xbbd01000,
  0xbd0000db,0xbd000fdb,0xbddddfdb,0xdbbbdfdb,0xdbbbdfdb,0xdbbbdfdb,0xdbbbdfdb,0xdbbbdfdb,
  0xe00000db,0x00000fdb,0x00000fdb,0x00000fdb,0x01010fdb,0x00000fdb,0x01010fdb,0x10001fdb,
  0x00000000,0x0000000f,0x0000000f,0x0000000f,0x0101010f,0x00000000,0x01010101,0x10001000,
  0x00000000,0x00000000,0x00000000,0x000e0000,0x01010101,0x00000000,0x01010101,0x10001000,
  0x00000000,0x00000000,0x00000000,0x00e00000,0x01010101,0x00000000,0x01010101,0x10001000,
  0x01010101,0x10101010,0x11011101,0x10101010,0x11111111,0x11111111,0x11111111,0x11111111,
  0xd1010101,0xd0101010,0xd1011101,0xd0101010,0xd1111111,0xd1111111,0xd1111111,0xd1111111,
  0xdddddbbb,0xbbbbbbbb,0xbbbbbbbb,0xbbbbbbbb,0xdddddccc,0xffffdccc,0x111fdccc,0x111fdccc,
  0x010ddddd,0x101dbbbb,0x11fdbbbb,0x10fdbbbb,0x11fddddd,0x11ffffff,0x11111111,0x11111111,
  0xdfdbbbd1,0xdfdbbbd0,0xdfdbbbd1,0xdfdbbbd0,0xdfdcccd1,0x1fdcccd1,0x1fdcccd1,0x1fdcccd1,
  0xbbdfdbbb,0xbbdfdbbb,0xbbdfdbbb,0xbbdfdbbb,0xccdfdddd,0xccdffff1,0xccd11111,0xccd11111,
  0xdbbbdfdb,0xbbbbdfdb,0xbbbbdfdb,0xbbbbdfdb,0xdcccdfdc,0xdcccdfdc,0xdcccdfdc,0xdcccdfdc,
  0xdddddddd,0xbbbbbbbb,0xbbbbbbbb,0xbbbbbbbb,0xdddddddd,0xdfffffff,0xd111111f,0xd111111f,
  0xbbdfdbbb,0xbbdfdddd,0xbbdffffd,0xbbd0dddd,0xccd1dccc,0xccdfdccc,0xccdfdccc,0xccdfdccc,
  0xdddddddb,0xbbbbbbbb,0xbbbbbbbb,0xbbbbbbbb,0xdddddddc,0xffffffdc,0x11111fdc,0x11111fdc,
  0xd1010ddd,0xd0101dbb,0xd101fdbb,0xd010fdbb,0xd111fddd,0xd111ffff,0xd1111111,0xd1111111,
  0xdddddbbb,0xbbbbbbbb,0xbbbbbbbb,0xbbbbbbbb,0xccdddccc,0xccdfdccc,0xccdfdccc,0xdddfdccc,
  0xdbbbdddd,0xddddbbbb,0xfffdbbbb,0x10fdbbbb,0x11fddddc,0x11ffffdc,0x111ddddc,0x111dcccd,
  0x0fdbbbdf,0x1fdbbbdf,0x1fdbbbdf,0x1fdbbbd0,0x1fdcccd1,0x1fdcccd1,0xdddcccd1,0xcccdddd1,
  0xbbd10101,0xbbd01010,0xbbd11101,0xbbd01010,0xccd11111,0xccd11111,0xccdddd1d,0xddcccd1d,
  0xdbbbdfdb,0xbbbbdfdb,0xbbbbdfdb,0xbbbbdfdb,0xdcccdfdc,0xdcccdfdc,0xdcccdfdc,0xdcccdfdd,
  0xbbdfdbbb,0xbbdfdbbb,0xbbdfdbbb,0xbbdfdbbb,0xccdfdccc,0xccdfdccc,0xccdfdccc,0xccdfdccc,
  0x01010fdb,0x10101fdb,0x11011fdb,0x10101fdb,0x11111fdc,0x11111fdc,0x11111fdc,0x11111fdc,
  0x01010101,0x10101010,0x11011101,0x10101010,0x11e11111,0x11111111,0x11111111,0x11111111,
  0x11111111,0x11111111,0x11111111,0x11111111,0x11111111,0x11111111,0x11111111,0x11111111,
  0xd1111111,0xd1111111,0xd1111111,0xd1111111,0xd1111111,0xd1111111,0x11111111,0x11111111,
  0x111fdccc,0xdddddccc,0xcccccccc,0xcccccccc,0xcccccccc,0xdddddddd,0xfffffff1,0x11111111,
  0x11111111,0xdddddddd,0xdccccccc,0xdccccccc,0xdccccccc,0xdddddddd,0xffffffff,0x11111111,
  0x1fdcccd1,0x1fdcccd1,0x1fdcccd1,0x1fdcccdf,0x1fdcccdf,0x1fdddddf,0x1ffff11f,0x11111111,
  0xccd11111,0xccd11111,0xccd11111,0xccd11111,0xccd11111,0xddd11111,0xf1111111,0x11111111,
  0xdcccdfdc,0xdcccdfdc,0xccccdfdc,0xccccdfdc,0xccccdfdc,0xdddddfdd,0xfff11fff,0x11111111,
  0xd111111f,0xdddddddd,0xcccccccc,0xcccccccc,0xcccccccc,0xdddddddd,0xffffffff,0x11111111,
  0xccdfdccc,0xccdfdccc,0xccdfdddd,0xccdffffd,0xccd111fd,0xddd111fd,0xf11111ff,0x11111111,
  0x11111fdc,0xdddddddc,0xcccccccc,0xcccccccc,0xcccccccc,0xdddddddd,0xffffffff,0x11111111,
  0xd1111111,0xd1dddddd,0xd1dccccc,0xdfdccccc,0xdfdccccc,0xdfdddddd,0x1fffffff,0x11111111,
  0xf11fdccc,0x111fdccc,0x111fdccc,0x111fdccc,0x111fdccc,0x111fdddd,0x111ffff1,0x11111111,
  0x11fdcccd,0xddddcccd,0xdcccdddd,0xdcccdf11,0xdcccd111,0xddddd111,0xfff11111,0x11111111,
  0xcccdf111,0xcccd1111,0xdddd1111,0xdf11111f,0xd111111f,0xd111111f,0x1111111f,0x11111111,
  0xfdcccdfd,0xfdcccddd,0xfddddccc,0xffffdccc,0x111fdccc,0x111fdddd,0x111ffff1,0x11111111,
  0xdcccdfff,0xdcccd111,0xdcccd111,0xdcccd111,0xdcccd111,0xddddd111,0xfff11111,0x11111111,
  0xd111111f,0xd111111f,0xd111111f,0xd111111f,0xd111111f,0xd111111f,0x1111111f,0x11111111,
  0xccdfdccc,0xccdfdccc,0xccdfdccc,0xccdfdccc,0xccdfdccc,0xdddfdddd,0xf11ffff1,0x11111111,
  0x11111111,0x11111111,0x11e17111,0x1111111f,0x1111111f,0x1111111f,0x1111111f,0x11111111,
  0x11111111,0x11111111,0x11111711,0x11111111,0x11111111,0x11111111,0x11111111,0x11111111,
  0x11111111,0x11111111,0x11111111,0x11111111,0x11111111,0x11111111,0x11111711,0x11111111,
  0x11111111,0x11111111,0x11111111,0x11111111,0x12121212,0x11111111,0x12121212,0x21112111,
  0x11111111,0x11111111,0x11111111,0x99999111,0x66669212,0x96999111,0x96921212,0x96912111,
  0x11111111,0x11111111,0x11111111,0x99199999,0x69196996,0x69196999,0x69996912,0x66666911,
  0x1e111111,0x11111111,0x11111111,0x99999999,0x96666699,0x99999699,0x19999699,0x29666699,
  0x11111111,0x11111111,0x11111111,0x19991111,0x19691212,0x19691111,0x99691212,0x66692111,
  0x11111111,0x11111111,0x11111111,0x99991999,0x66699969,0x99969969,0x92969969,0x91969966,
  0x11111111,0x11111111,0x11111111,0x11199919,0x12196999,0x11196996,0x12196996,0x21196996,
  0x11111111,0x11111111,0x11111111,0x11119991,0x12129692,0x11119691,0x12129692,0x21119691,
  0x11111111,0x11111111,0x11111111,0x91999991,0x99966699,0x99699969,0x99691969,0x99692969,
  0x11111111,0x11111111,0x11111111,0x11999199,0x12969296,0x11969196,0x12969996,0x21969696,
  0x11111111,0x11111111,0x11111111,0x99999111,0x96669912,0x69996911,0x99196912,0x21196911,
  0x11111111,0x11111111,0x11111111,0x19999991,0x99666699,0x96999699,0x96999699,0x99666691,
  0x11111111,0x11111111,0x11111111,0x99991999,0x99691969,0x99699969,0x99969699,0x91996991,
  0x11111111,0x11111111,0x11111111,0x99199999,0x69996666,0x99969996,0x12969996,0x21996666,
  0x11111111,0x11111111,0x11111111,0x11199999,0x12196666,0x11199969,0x12121969,0x21112969,
  0x12121212,0x21212121,0x22122212,0x21212121,0x22222222,0x22222222,0x22222222,0x22222222,
  0x12121212,0x21212121,0x22122212,0x21212121,0x222222e2,0x22222222,0x22222222,0x22222222,
  0x12121212,0x21212121,0x22122212,0x21212121,0x22222e22,0x22222222,0x22222222,0x22222222,
  0x96921212,0x96912121,0x96922212,0x99912121,0x22222222,0x22222222,0x22222222,0x22222222,
  0x69996912,0x69296921,0x69196912,0x99299921,0x22222222,0x22222222,0x22222222,0x22222222,
  0x19999699,0x99999699,0x96666699,0x99999999,0x22222222,0x22222222,0x22222222,0x22222222,
  0x99691212,0x29692121,0x29692212,0x29992121,0x22222222,0x22222222,0x22222222,0x22222222,
  0x92969969,0x99969969,0x66699969,0x99992999,0x22222222,0x22222222,0x22222222,0x22222222,
  0x12196996,0x99996996,0x66666999,0x99999929,0x22222222,0x22222222,0x22222222,0x22222222,
  0x12129692,0x99999699,0x96666699,0x99999999,0x22222222,0x22222222,0x22222222,0x22222222,
  0x99691969,0x99699969,0x99966699,0x91999991,0x22222222,0x22222222,0x22222222,0x22222222,
  0x12969696,0x21966966,0x22969996,0x21999199,0x22222222,0x22222222,0x22222222,0x22222222,
  0x99196912,0x69996921,0x96669912,0x99999121,0x22222222,0x22222222,0x22222222,0x22222222,
  0x19969699,0x99699699,0x96999699,0x99919991,0x22222222,0x22222222,0x22222222,0x22222222,
  0x92196912,0x91296921,0x92196912,0x91299921,0x22222222,0x22222222,0x22222222,0x22222222,
  0x12199996,0x21212196,0x22122296,0x21212199,0x22222222,0x22222222,0x22222222,0x22222222,
  0x12121969,0x21212969,0x22122969,0x21212999,0x22222222,0x22222222,0x22222222,0x22222222,
  0x12121212,0x21212121,0x22122212,0x21212121,0x22222222,0x22222222,0x22222222,0x66666222,
  0x12121212,0x21212121,0x22122212,0x21212121,0x22222222,0x22222222,0x22222226,0x22666666,
  0x12171212,0x21212121,0x22122212,0x212e2121,0x22222222,0x22222222,0x22222222,0x22222222,
  0x22222222,0x22222222,0x22222222,0x22222222,0x22222222,0x22222222,0x22222222,0x22222222,
  0x22222222,0x22222222,0x22222222,0x22222222,0x22222222,0x22222222,0xe2222222,0x22222222,
  0x22222222,0x62222222,0x66222222,0x66622222,0x66662222,0x66666222,0x66666222,0x66666622,
  0x66666662,0x66666666,0x66666666,0x66666666,0x66666666,0x66666666,0x66666666,0x66666666,
  0x66666666,0x66666666,0x66666666,0x66666666,0x66666666,0x77766666,0x77776666,0x77776666,
  0x22222222,0x22222266,0x22222666,0x22226666,0x22266666,0x22666677,0x22666777,0x26666777,
  0x22222222,0x22222222,0x22222222,0x22222222,0x23232323,0x22222222,0x23232323,0x32223222,
  0xe2222222,0x22222222,0x22222222,0x22222222,0x23232323,0x22222222,0x23232323,0x32223222,
  0x66666622,0x66666662,0x66666662,0x66666662,0x66666663,0x66666662,0x66666666,0x66666662,
  0x66666666,0x66666666,0x66666666,0x66666666,0x66666666,0x66666666,0x66666666,0x66666666,
  0x77776666,0x77776666,0x77776666,0x77766666,0x66666666,0x66666666,0x66666666,0x66666666,
  0x26666777,0x66666777,0x66666777,0x66666677,0x66666666,0x66666666,0x76666666,0x67666666,
  0x22222222,0x22222222,0x22222222,0x22222222,0x23232323,0x22222222,0x23232326,0x32223222,
  0x23232323,0x32323232,0x33233323,0x32323232,0x33333333,0x33333333,0x33333333,0x33333333,
  0x23232323,0x32323232,0x33933923,0x32923932,0x33933933,0x33933933,0x99999993,0x99999933,
  0x23232323,0x32323232,0x33239329,0x32329239,0x33339339,0x33339339,0x33399999,0x33339999,
  0x23232323,0x3232323e,0x33233323,0x32323232,0x33333333,0x33333333,0x33333333,0x33333333,
  0x23232323,0x32323232,0x33233323,0x3232323e,0x33333333,0x33333333,0x33333333,0x33333333,
  0x66666663,0x66666662,0x66666663,0x66666662,0x66666633,0x66666633,0x66666333,0x66666333,
  0x66666666,0x66666666,0x66677777,0x66677777,0x66677777,0x66677777,0x66677777,0x66666666,
  0x66666666,0x66666666,0x66666666,0x66666666,0x66676666,0x66777666,0x77777766,0x67777666,
  0x76766666,0x67676666,0x76767666,0x67676766,0x36767676,0x37676767,0x33767676,0x33676767,
  0x23232323,0x32323232,0x33233323,0x32323232,0x33333333,0x33333333,0x333333e3,0x33333333,
  0x33333333,0x33333333,0x33333333,0x33333333,0x33333333,0x33333333,0x33333333,0x33333333,
  0x33333333,0x33333333,0x33333333,0x33333333,0x33333333,0x88888333,0x88888883,0x88888888,
  0x33333333,0x33333333,0x33333333,0x33333333,0x33333333,0x33333333,0x33333388,0x33333888,
  0x99999933,0x99999933,0x99999933,0x99999933,0x99999933,0x99999933,0x99999933,0x99999933,
  0x33339999,0x33339999,0x33339999,0x33339999,0x33339999,0x33339999,0x33339999,0x33339999,
  0x66663333,0x66633333,0x66333333,0x63333333,0x33333333,0x33333333,0x33333333,0x33333333,
  0x66666666,0x66666666,0x66666666,0x66666666,0x66666663,0x66666333,0x33333333,0x33333333,
  0x76776666,0x67676666,0x76767666,0x67676766,0x76767676,0x33676767,0x33333336,0x33333333,
  0x33367676,0x33336767,0x33333676,0x33333367,0x33333333,0x33333333,0x33333333,0x33333333,
  0x84343434,0x88333333,0x88843434,0x88884333,0x88888434,0x88888343,0x88888834,0x88888883,
  0x88888888,0x88888888,0x88888888,0x88888888,0x88888888,0x88888888,0x88888888,0x88888888,
  0x34348888,0x33388888,0x84888888,0x88888888,0x88888888,0x88888888,0x88888888,0x88888888,
  0x34343434,0x33333333,0x34888888,0x88888888,0x88888888,0x88888888,0x88888888,0x88888888,
  0x34343434,0x33333333,0x34343434,0x43334333,0x34343438,0x43434888,0x44348888,0x43438888,
  0x34343434,0x33333333,0x34343434,0x43334333,0x34343434,0x43434343,0x44344434,0x43434343,
  0x99999934,0x99999933,0x99999934,0x99999933,0xbb999934,0x9b999943,0x99999934,0x99999943,
  0x34349999,0x33339999,0x34349999,0x43339999,0x34349999,0x43439999,0x44349999,0x43439999,
  0x34343434,0x33333333,0x34343434,0x43334333,0x88343434,0x88834343,0x88884434,0x88888343,
  0x34343434,0x33333333,0x34343434,0x48888888,0x88888888,0x88888888,0x88888888,0x88888888,
  0x34343434,0x33333333,0x34343434,0x43334333,0x34343434,0x43434388,0x44344888,0x43438888,
  0x88888884,0x88888888,0x88888888,0x88888888,0x88888888,0x88888888,0x88888888,0x88888888,
  0x44488888,0x44888888,0x48888888,0x88888888,0x88888888,0x88888888,0x88888888,0x88888888,
  0x44444444,0x44444444,0x44444444,0x44444444,0x44444444,0x44444448,0x45444588,0x44444488,
  0x44444444,0x44444444,0x44444444,0x44444444,0x44444444,0x44444444,0x45444544,0x44444444,
  0x99999944,0x99999944,0x99999944,0x99999944,0x99999944,0x99999944,0x99999944,0x99999944,
  0x44449999,0x44449999,0x44449999,0x44449999,0x44449999,0x44449999,0x45449999,0x44449999,
  0x44444444,0x44444444,0x44444444,0x44444444,0x84444444,0x88444444,0x88844544,0x88884444,
  0x44444444,0x44444444,0x88888444,0x88888884,0x88888888,0x88888888,0x88888888,0x88888888,
  0x88888844,0x88888884,0x88888888,0x88888888,0x88888888,0x88888888,0x88888888,0x88888888,
  0x44488888,0x44888888,0x88888888,0x88888888,0x88888888,0x88888888,0x88888888,0x88888888,
  0x44444444,0x48888844,0x88888888,0x88888888,0x88888888,0x88888888,0x88888888,0x88888888,
  0x44444444,0x44444444,0x44444488,0x44448888,0x44888888,0x48888888,0x88888888,0x88888888,
  0x44444444,0x44444444,0x44444444,0x44444444,0x44444444,0x44444444,0x45444544,0x44444488,
  0x44444444,0x44444444,0x44444444,0x44444444,0x88444444,0x88888444,0x88888844,0x88888888,
  0x44444444,0x44444444,0x44444444,0x44444444,0x48888888,0x88888888,0x88888888,0x88888888,
  0x45454888,0x54545888,0x45458888,0x88888888,0x88888888,0x88888888,0x88888888,0x88888888,
  0x45454545,0x54545454,0x45454545,0x54545458,0x55588888,0x88888888,0x88888888,0x88888888,
  0x99999945,0x99999954,0x99999945,0x99999954,0x99999955,0x99999954,0x99999958,0x99999988,
  0x45459999,0x54549999,0x45459999,0x54549999,0x55559999,0x54549999,0x55559999,0x55549999,
  0x45454545,0x54545454,0x45454545,0x54545454,0x55555555,0x54545454,0x55555555,0x88888554,
  0x45454545,0x54545454,0x45454545,0x54545454,0x55555555,0x54545454,0x55555555,0x55545888,
  0x45454545,0x54545454,0x45454545,0x54545454,0x55555555,0x54545454,0x55555555,0x88845554,
  0x45454545,0x54545454,0x45454545,0x54545454,0x55555555,0x54545454,0x55555588,0x55588888,
  0x45454545,0x54545454,0x45454545,0x54545454,0x55555555,0x54545454,0x55555555,0x55545554,
  0x45454545,0x54545454,0x45454545,0x54545454,0x55555555,0x54545454,0x85555555,0x88545554,
  0x88888545,0x88888854,0x88888845,0x88888884,0x88888888,0x88888888,0x88888888,0x88888888,
  0x85454888,0x88848888,0x88888888,0x88888888,0x88888888,0x88888888,0x88888888,0x88888888,
  0x88888888,0x88888888,0x88888888,0x88888888,0x88888888,0x88888888,0xa8888888,0xa8888888,
  0x88888888,0x8888aaa8,0x8888aaa8,0x8888aaa8,0x888aaaaa,0x888aaaaa,0x88aaaaaa,0x88aaaaaa,
  0x88888888,0x88888888,0x88888888,0x88888888,0x88888888,0x88888888,0x88888888,0x88888aaa,
  0x99999988,0x99999988,0x99999988,0x99999988,0x99999988,0x99999988,0x99999988,0x99999988,
  0x55559999,0x55559999,0x88559999,0x88859999,0x88889999,0x88889999,0x88889999,0x88889999,
  0x88888885,0x88888888,0x88888888,0x88888888,0x88888888,0x88888888,0x88888888,0x88888888,
  0x55888888,0x58888888,0x88888888,0x88888888,0x88888888,0x88888888,0x88888888,0x88888888,
  0x88888555,0x88888855,0x88888888,0x88888888,0x88888888,0x8aaa8888,0x8aaa8888,0x8aaa8888,
  0x58888888,0x88888888,0x88888888,0x88888888,0x88888888,0x88888888,0x88888888,0x88888888,
  0x55555555,0x55555555,0x55555558,0x55555588,0x55555888,0x55558888,0x55588888,0x55588888,
  0x55555555,0x55555555,0x55555555,0x55555555,0x55555555,0x55555555,0x99555555,0x99955555,
  0x55555555,0x55555555,0x55555555,0x55555555,0x99999555,0x99999999,0x99999999,0x99999999,
  0x55555555,0x55555555,0x55555555,0x55aaa555,0x55aaa999,0x99aaaaa9,0x9aaaaaa9,0x9aaaaaa9,
  0x55555555,0x55555555,0x55555555,0x55555555,0x55555555,0x55555555,0x55555599,0x55559aaa,
  0x55555555,0x55555555,0x55555555,0x55555555,0x55555555,0x55555555,0x55555555,0x85555555,
  0x88555555,0x88855555,0x88855555,0x88885555,0xaaa85555,0xaaa88555,0xaaa88855,0xaaaa8888,
  0x88888888,0x88888888,0x88888888,0x88888888,0x88888888,0x88888888,0x88888888,0x8888888a,
  0x88888888,0x88888888,0x88888888,0x88888888,0x88888888,0x88aaa888,0x88aaa888,0x88aaa888,
  0x99999888,0x99999999,0x99999999,0x99999999,0x99999999,0x99999999,0x99999999,0x99999999,
  0xa8899999,0xaa999999,0xaa999999,0xaaa99999,0xaaa99999,0xaaaa9999,0xaaaa9999,0xaaaa9999,
  0x88aaaaaa,0x8aaaaaaa,0x8aaaaaaa,0xaaaaaaaa,0xaaaaaaaa,0xaaaaaaaa,0xaaaaaaaa,0xaaaaaaaa,
  0x888aaa88,0x888aaa88,0x888aaa88,0x88aaaaa8,0x88aaaaa8,0x8aaaaaaa,0x8aaaaaaa,0x8aaaaaaa,
  0x88888888,0x88888888,0xa8888888,0xa8888888,0xaa888888,0xaa888888,0xaa888888,0xaaa88888,
  0x88888aaa,0x88888aaa,0x8888aaaa,0x8888aaaa,0x888aaaaa,0x888aaaaa,0x888aaaaa,0x88aaaaaa,
  0x99999988,0x99999988,0x99999988,0x99999988,0x88888888,0x88888888,0x88888888,0x88888888,
  0x88889999,0x88889999,0x88889999,0x88889999,0x88888888,0x88888888,0x88888888,0x88888888,
  0x88888888,0x88888888,0x88888888,0x88888888,0x88aaa888,0x88aaa888,0x88aaa888,0x8aaaaa88,
  0xaaaaa888,0xaaaaa888,0xaaaaaa88,0xaaaaaa88,0xaaaaaa88,0xaaaaaaa8,0xaaaaaaa8,0xaaaaaaaa,
  0x88888888,0x88888888,0x8888888a,0x8888888a,0x8888888a,0x888888aa,0x888888aa,0x88888aaa,
  0x55888888,0x88888888,0x88888888,0x98888888,0xa9988888,0xa9998888,0xaa999988,0xaa999999,
  0x99999555,0x99999aaa,0x99999aaa,0x99999aaa,0x9999aaaa,0x9aaaaaaa,0x9aaaaaaa,0x9aaaaaaa,
  0x99999999,0x99999999,0xa9999999,0xa9999999,0xa9999999,0xaa999999,0xaa999999,0xaaa99999,
  0xaaaaaaaa,0xaaaaaaaa,0xaaaaaaaa,0xaaaaaaaa,0xaaaaaaaa,0xaaaaaaaa,0xaaaaaaaa,0xaaaaaaaa,
  0x55999aaa,0xa9999aaa,0xa999aaaa,0xa999aaaa,0xaa9aaaaa,0xaa9aaaaa,0xaaaaaaaa,0xaaaaaaaa,
  0x88885555,0x888888aa,0x888888aa,0x888889aa,0x88889aaa,0x88999aaa,0x9999aaaa,0x9999aaaa,
  0xaaaa8888,0xaaaaa888,0xaaaaa888,0xaaaaa888,0xaaaaaa88,0xaaaaaa88,0xaaaaaaa8,0xaaaaaaa9,
  0x8888888a,0x888888aa,0x888888aa,0x888888aa,0x88888aaa,0x88888aaa,0x8888aaaa,0x8888aaaa,
  0x88888888,0x88888888,0x88888888,0x88888888,0x88888888,0x88888888,0xaaa88888,0xaaa88888,
  0x88888888,0x88888888,0x88888888,0x88888888,0x88888888,0x88888888,0x88888888,0xa8888888,
  0x8aaaaa88,0x8aaaaa88,0xaaaaaaa8,0xaaaaaaa8,0xaaaaaaa8,0xaaaaaaaa,0xaaaaaaaa,0xaaaaaaaa,
  0x88888888,0x88888888,0x88888888,0x88888888,0x88888888,0x8888888a,0x8888888a,0x888888aa,
  0x88888888,0x88888888,0x88888888,0x98888888,0x99988888,0x99999888,0x99999988,0x99999999,
  0x99999999,0x99999999,0x99999999,0x99999999,0x99999999,0x99999999,0x99999999,0x99999999,
  0xaaaaa999,0xaaaaa999,0xaaaaaa99,0xaaaaaa99,0xaaaaaa99,0xaaaaaaa9,0xaaaaaaa9,0xaaaaaaaa,
  0xaaa88888,0xaaaa8888,0xaaaa888a,0xaaaaa88a,0xaaaaa8aa,0xaaaaa8aa,0xaaaaaaaa,0xaaaaaaaa,
  0x88888888,0x88888888,0x88888888,0x88888888,0x88888888,0x88888888,0x8888888a,0x8888888a,
  0x88888888,0x88888888,0x88888888,0x88888888,0x88888888,0x99888888,0x99999888,0x99999998,
  0x88888888,0x88888888,0x99888888,0x99999888,0x99999999,0x99999999,0xa9999999,0xa9999999,
  0x8aaaaa88,0xaaaaaaa8,0xaaaaaaa9,0xaaaaaaaa,0xaaaaaaaa,0xaaaaaaaa,0xaaaaaaaa,0xaaaaaaaa,
  0x88888888,0xa8888888,0xa8899999,0xa9999999,0xaa99999a,0xaa99999a,0xaaa999aa,0xaaa999aa,
  0x98888aaa,0x9999aaaa,0x9999aaaa,0xa999aaaa,0xa99aaaaa,0xaa9aaaaa,0xaaaaaaaa,0xaaaaaaaa,
  0xaa999aaa,0xaaa99aaa,0xaaa99aaa,0xaaaaaaaa,0xaaaaaaaa,0xaaaaaaaa,0xaaaaaaaa,0xaaaaaaaa,
  0xaaa99999,0xaaaa9999,0xaaaa999a,0xaaaa999a,0xaaaaa99a,0xaaaaa9aa,0xaaaaaaaa,0xaaaaaaaa,
  0x9999aaaa,0x999aaaaa,0x999aaaaa,0xa9aaaaaa,0xa9aaaaaa,0xaaaaaaaa,0xaaaaaaaa,0xaaaaaaaa,
  0x888aaaaa,0x999aaaaa,0x999aaaaa,0x99aaaaaa,0x99aaaaaa,0x9aaaaaaa,0x9aaaaaaa,0x9aaaaaaa,
  0x99998888,0x99999999,0x99999999,0x99999999,0x99999999,0x99999999,0x99999999,0x99999999,
  0x88999999,0x99999999,0x999aaa99,0x999aaa99,0x999aaa99,0x99aaaaa9,0x99aaaaa9,0x9aaaaaaa,
  0x88888888,0x88888899,0x88899999,0x89999999,0x99999999,0x99999999,0x99999999,0x99999999,
  0xaaa88888,0xaaaa8888,0xaaaa8888,0xaaaaa888,0xaaaaa889,0xaaaaa999,0xaaaaaa99,0xaaaaaa99,
  0xa8888888,0xaa88888a,0xaa88888a,0xaa8888aa,0xaaa888aa,0xaaa888aa,0xaaaa8aaa,0xaaaa8aaa,
  0x888888aa,0x88888aaa,0x88888aaa,0x8888aaaa,0xa888aaaa,0xa888aaaa,0xaa8aaaaa,0xaa9aaaaa,
  0x98888888,0x99988aaa,0x99998aaa,0x99999aaa,0x9999aaaa,0x9999aaaa,0x999aaaaa,0x999aaaaa,
  0x99999999,0x999aaa99,0x999aaa99,0x999aaa99,0x99aaaaa9,0x99aaaaa9,0x9aaaaaaa,0x9aaaaaaa,
  0x99999999,0xa9999999,0xa9999999,0x99999999,0x99999999,0x99999999,0x99999999,0x9999999a,
  0xaaaaaaaa,0xaaaaaaaa,0xaaaaaaaa,0xaaaaaaa9,0xaaaaaaa9,0xaaaaaaaa,0xaaaaaaaa,0xaaaaaaaa,
  0xaaaaaaaa,0xaaaaaaaa,0xaaaaaaaa,0xa999aaaa,0xaa9aaaaa,0xaa9aaaaa,0xaa999999,0xaaa99999,
  0x988888aa,0x999aaaaa,0x999aaaaa,0x999aaaaa,0x99aaaaaa,0x99aaaaaa,0x9aaaaaaa,0x9aaaaaaa,
  0xaa999999,0xaa999999,0xaa999999,0xaaa99999,0xaaa99999,0xaaaa9999,0xaaaa9999,0xaaaaa999,
  0xaaa99aaa,0xaaaa9aaa,0xaaaa9aaa,0xaaaaaaaa,0x9999aaaa,0x999aaaaa,0x999aaaaa,0x99999999,
  0xaaaaaaaa,0xaaaaaaaa,0xaaaaaaaa,0xaaaaaaaa,0x99aaaaa9,0x99aaaaa9,0x9aaaaaaa,0x9aaaaaaa,
  0xaaaaaaaa,0xaaaaaaaa,0xaaaaaaaa,0xaaaaaaaa,0xaaaaa999,0xaaaaa999,0xaa999999,0xaaa99999,
  0xaaaaaaaa,0xaaaaaaaa,0xaaaaaaaa,0xaaaaaaaa,0xaaaaaaaa,0xaaaaaaaa,0xaaa999aa,0xaaaa99aa,
  0xaaaaaaaa,0xaaaaaaaa,0xaaaaaaaa,0xaaaaaaaa,0xaaaaaaaa,0xaaaaaaaa,0xaaaaa99a,0xaaaaaa9a,
  0xaaaaaaaa,0xaaaaaaaa,0xaaaaaaaa,0xaaaaaaaa,0xaaaaaaaa,0xa99aaaaa,0xa99aaaaa,0xaa9aaaaa,
  0xaaaaaaaa,0xaaaaaaaa,0xaaaaaaaa,0xaaaaa99a,0xaaaaa99a,0xaaaaa9aa,0xaaaaaaaa,0xaaaaaaaa,
  0x99999999,0x99999999,0xa999999a,0xa9999999,0xaa999999,0xaaaa9999,0xaaaa999a,0xaaaa999a,
  0x9aaaaaaa,0x9aaaaaaa,0xaaaaaaaa,0xaaaaaaaa,0xaaaaaaaa,0xaaaaaaaa,0xaaaaaaaa,0xaaaaaaaa,
  0x99999999,0x99999999,0x99999999,0x99999999,0x9999999a,0xaaa9999a,0xaaa999aa,0xaaa999aa,
  0xaaaaaaa9,0xaaaaaaa9,0xaaaaaaaa,0xaaaaaaaa,0xaaaaaaaa,0xaaaaaaaa,0xaaaaaaaa,0xaaaaaaaa,
  0xaaaaaaaa,0xaaaaaaaa,0xaaaaaaaa,0xaaaaaaaa,0xaaaaaaaa,0x99aaaaaa,0x99aaaaaa,0x9aaaaaaa,
  0xaaaaaaaa,0xaaaaaaaa,0xaaaaaaaa,0xaaaaaaaa,0xaaaaaaaa,0xaaaaa999,0xaaaaa999,0xaaaaa999,
  0x999aaaaa,0xa9aaaaaa,0xa9aaaaaa,0xaaaaaaaa,0xaaaaaaaa,0xaaaaaaaa,0xaaaaaaaa,0xaaaaaaaa,
  0x9aaaaaaa,0xaaaaaaaa,0xaaaaaaaa,0xaaaaaaaa,0xaaaaaaaa,0xaaaaaaaa,0xaaaaaaaa,0xaaaaaaaa,
  0xa999999a,0xa9aaa9aa,0xaaaaa9aa,0xaaaaaaaa,0xaaaaaaaa,0xaaaaaaaa,0xaaaaaaaa,0xaaaaaaaa,
  0xaaaaaaaa,0xaaaaaaaa,0xaaaaaaaa,0xaaaaaaaa,0x999999aa,0x99999aaa,0xaaaaaaaa,0xaaaaaaaa,
  0xaaa99999,0xaaaa999a,0xaaaa999a,0xaaaa99aa,0x99999999,0x99999999,0xaaaaaaaa,0xaaaaaaaa,
  0xaaaaaaaa,0xaaaaaaaa,0xaaaaaaaa,0xaaaaaaaa,0xaa9a9999,0xaaaa9999,0xaaaaaaaa,0xaaaaaaaa,
  0x99999999,0x99999999,0x99999999,0x9999999a,0x9999999a,0x999999aa,0xaaaaaaaa,0xaaaaaaaa,
  0xaaaaa999,0xaaaaa999,0xaaaaaa99,0xaaaaaa99,0xaaaaaaa9,0x99999999,0xaaaaaaaa,0xaaaaaaaa,
  0xaaaaaaaa,0xaaaaaaaa,0xaaaaaaaa,0xaaaaaaaa,0xaaaaaaaa,0x999999a9,0xaaaaaaaa,0xaaaaaaaa,
  0x99999999,0xa9999999,0xa999999a,0xaa99999a,0xaa9999aa,0xaaa99999,0xaaaaaaaa,0xaaaaaaaa,
  0xaaa99999,0xaaaa9999,0xaaaa9999,0xaaaa999a,0xaaaaa99a,0xaaaaa9aa,0xaaaaaaaa,0xaaaaaaaa,
  0xaaaa99aa,0xaaaaaaaa,0xaaaaaaaa,0xaaaaaaaa,0xaaaaaaaa,0xaaaaaaaa,0xaaaaaaaa,0xaaaaaaaa,
  0xaaaaaa9a,0xaaaaaaaa,0xaaaaaaaa,0xaaaaaaaa,0xaaaaaaaa,0xaaaaaaaa,0xaaaaaaaa,0xaaaaaaaa,
  0xaa9aaaaa,0xaaaaaaaa,0xaaaaaaaa,0xaaaaaaaa,0xaaaaaaaa,0xaaaaaaaa,0xaaaaaaaa,0xaaaaaaaa,
  0xaaaaaaaa,0xaaaaaaaa,0xaaaaaaaa,0x9999aaaa,0x9999aaaa,0xa99aaaaa,0xaaaaaaaa,0xaaaaaaaa,
  0xaaaaa9aa,0xaaaaa9aa,0xaaaaaaaa,0xaaaaaaaa,0xaaaaaaaa,0xaaaaaaaa,0xaaaaaaaa,0xaaaaaaaa,
  0xaaaaaaaa,0x9999a999,0x9999a99a,0x9999a99a,0x9999a99a,0x999999aa,0xaaaaaaaa,0xaaaaaaaa,
  0xaaaa99aa,0xaaaa9999,0xaaaaa999,0xaaaaa999,0xaaaaa999,0xaaaaaa99,0xaaaaaaaa,0xaaaaaaaa,
  0xaaaaa999,0xaaaa9999,0x99999999,0x99999999,0x9999999a,0x9999999a,0xaaaaaaaa,0xaaaaaaaa,
  0xaaaaaaaa,0xaaaaaaaa,0xaaaaaaa9,0xaaaaaaa9,0xaaaaaaa9,0xaaaaaaaa,0xaaaaaaaa,0xaaaaaaaa,
  0x00000000,0x00000000,0x00007000,0x00000000,0x00000000,0x00000000,0x00000000,0x00000000,
  0x00000000,0x00000000,0x00000000,0x00000000,0x00000000,0x00000000,0x00000000,0x00000070,
  0x00000000,0x00000000,0x00000000,0x00000000,0xe0000000,0x00000000,0x00000000,0x00000700,
  0x00000000,0x00000000,0x00000000,0x0000e000,0x00000000,0x00000000,0x00000000,0x00000000,
  0x00000000,0x00000000,0x00000000,0x00000000,0x00000000,0x00000000,0x00000000,0x00000007,
  0x00070000,0x00000000,0x00000000,0x00000000,0x00000000,0x00000000,0x00000000,0x00000000,
  0x00000000,0x00000000,0x00000000,0x00000000,0x01010101,0x00000000,0x01010101,0x10e01000,
  0xe0000000,0x00000000,0x00000000,0x00000000,0x01010101,0x00000000,0x01010101,0x10001000,
  0x01010101,0x10101010,0x11011101,0x10101010,0x11711111,0x11111111,0x11111111,0x11111111,
  0x11111111,0x71111111,0x11111111,0x11111111,0x11111111,0x11111111,0x11111111,0x11111111,
  0x11111111,0x1111111e,0x11111111,0x11111111,0x11111111,0x11111111,0x11111111,0x11111111,
  0x11111111,0x11111111,0x11e17111,0x11111111,0x11111111,0x11111111,0x11111111,0x11111111,
  0x1e111111,0x11111111,0x11111111,0x11111111,0x12121212,0x11111111,0x12121212,0x21112111,
};

const u16 title_map[600] = {
  0x0000,0x0000,0x0000,0x0001,0x0002,0x0000,0x0000,0x0000,0x0000,0x0000,0x0003,0x0000,
  0x0000,0x0004,0x0000,0x0000,0x0000,0x0000,0x0000,0x0000,0x0000,0x0005,0x0000,0x0000,
  0x0000,0x0006,0x0000,0x0000,0x0000,0x0000,0x0007,0x0008,0x0000,0x0009,0x000a,0x000b,
  0x000c,0x000d,0x000e,0x000f,0x000c,0x0010,0x000c,0x0011,0x000c,0x0012,0x000d,0x0013,
  0x0014,0x000c,0x0010,0x0015,0x000a,0x000c,0x000c,0x0000,0x0000,0x0000,0x0000,0x0000,
  0x0016,0x0016,0x0016,0x0016,0x0017,0x0018,0x0019,0x001a,0x001b,0x001c,0x001d,0x001e,
  0x001f,0x0020,0x0018,0x0021,0x0022,0x0023,0x0024,0x001d,0x001e,0x0025,0x0017,0x0018,
  0x0019,0x0026,0x0016,0x0027,0x0028,0x0016,0x0029,0x0029,0x0029,0x0029,0x002a,0x002b,
  0x002c,0x002d,0x002e,0x002f,0x0030,0x0031,0x0032,0x0033,0x0034,0x0035,0x0036,0x0037,
  0x0038,0x0030,0x0039,0x003a,0x002a,0x002b,0x002c,0x0029,0x0029,0x0029,0x0029,0x003b,
  0x003c,0x003c,0x003c,0x003c,0x003d,0x003e,0x003f,0x0040,0x0041,0x0042,0x0043,0x0044,
  0x0045,0x0046,0x0047,0x0048,0x0049,0x004a,0x004b,0x004c,0x004d,0x0045,0x0046,0x003e,
  0x003f,0x004e,0x004f,0x0050,0x003c,0x003c,0x0051,0x0051,0x0051,0x0051,0x0051,0x0051,
  0x0051,0x0051,0x0052,0x0053,0x0054,0x0055,0x0056,0x0057,0x0058,0x0059,0x005a,0x005b,
  0x005c,0x005d,0x005e,0x005f,0x0051,0x0051,0x0051,0x0051,0x0051,0x0051,0x0051,0x0051,
  0x0060,0x0061,0x0060,0x0060,0x0060,0x0060,0x0062,0x0060,0x0063,0x0064,0x0065,0x0066,
  0x0067,0x0068,0x0069,0x006a,0x006b,0x006c,0x006d,0x006e,0x006f,0x0070,0x0060,0x0060,
  0x0060,0x0071,0x0072,0x0073,0x0060,0x0060,0x0074,0x0074,0x0074,0x0074,0x0074,0x0074,
  0x0074,0x0074,0x0075,0x0074,0x0074,0x0074,0x0074,0x0074,0x0074,0x0074,0x0074,0x0074,
  0x0074,0x0074,0x0074,0x0074,0x0074,0x0074,0x0076,0x0077,0x0078,0x0079,0x0074,0x0074,
  0x007a,0x007a,0x007a,0x007a,0x007a,0x007a,0x007a,0x007a,0x007b,0x007a,0x007a,0x007a,
  0x007a,0x007a,0x007a,0x007a,0x007a,0x007a,0x007a,0x007a,0x007a,0x007a,0x007a,0x007a,
  0x007c,0x007d,0x007e,0x007f,0x0080,0x007a,0x0081,0x0081,0x0081,0x0081,0x0081,0x0081,
  0x0081,0x0082,0x0083,0x0081,0x0084,0x0085,0x0081,0x0081,0x0081,0x0081,0x0081,0x0081,
  0x0081,0x0081,0x0081,0x0081,0x0081,0x0081,0x0086,0x0087,0x0088,0x0089,0x0081,0x008a,
  0x008b,0x008c,0x008d,0x008b,0x008b,0x008b,0x008b,0x008e,0x008f,0x008b,0x008b,0x008b,
  0x008b,0x008b,0x008b,0x008b,0x008b,0x008b,0x008b,0x008b,0x008b,0x008b,0x008b,0x008b,
  0x0090,0x0091,0x0092,0x0093,0x008b,0x008b,0x0094,0x0095,0x0096,0x0097,0x0098,0x0099,
  0x0099,0x009a,0x009b,0x0099,0x0099,0x0099,0x0099,0x0099,0x0099,0x0099,0x0099,0x0099,
  0x0099,0x0099,0x0099,0x0099,0x009c,0x009d,0x009e,0x0099,0x0099,0x0099,0x0099,0x0099,
  0x009f,0x0095,0x0095,0x0095,0x00a0,0x00a1,0x00a2,0x00a3,0x00a4,0x00a2,0x00a2,0x00a2,
  0x00a2,0x00a2,0x00a2,0x00a2,0x00a2,0x00a2,0x00a2,0x00a2,0x00a5,0x00a6,0x00a7,0x0095,
  0x00a8,0x00a9,0x00aa,0x00ab,0x00ac,0x00ad,0x0095,0x0095,0x0095,0x0095,0x0095,0x00ae,
  0x00af,0x00b0,0x00b1,0x00b2,0x00b3,0x00b4,0x00b5,0x00b6,0x00b6,0x00b6,0x00b6,0x00b6,
  0x00b6,0x00b7,0x00b8,0x0095,0x0095,0x0095,0x0095,0x0095,0x0095,0x00b9,0x0095,0x0095,
  0x0095,0x00ba,0x00bb,0x0095,0x0095,0x00bc,0x0095,0x00bd,0x00be,0x00bf,0x00c0,0x00c1,
  0x00c2,0x00c3,0x00c4,0x00c5,0x00c6,0x00c7,0x00c8,0x00c9,0x00ca,0x0095,0x0095,0x0095,
  0x0095,0x0095,0x00cb,0x0095,0x0095,0x0095,0x00cc,0x00cd,0x00ce,0x00cf,0x00d0,0x00d1,
  0x0095,0x00d2,0x00d3,0x00d4,0x0095,0x00d5,0x00d6,0x00d7,0x00d8,0x00d9,0x00da,0x00db,
  0x00dc,0x00dd,0x00de,0x0095,0x0095,0x0095,0x00df,0x00e0,0x00e1,0x00e2,0x0095,0x00e3,
  0x00e4,0x00e5,0x00da,0x00da,0x00e6,0x00ce,0x00e7,0x00e8,0x00e9,0x00ea,0x00eb,0x00da,
  0x00ec,0x00ed,0x00da,0x00ee,0x00da,0x00da,0x00ef,0x00da,0x00f0,0x00f1,0x00f2,0x00f3,
  0x00f4,0x00f5,0x00da,0x00f6,0x00f7,0x00f8,0x00f9,0x00fa,0x00da,0x00da,0x00fb,0x00da,
  0x00fc,0x00e4,0x00fd,0x00da,0x00fe,0x00ff,0x0100,0x0101,0x00da,0x0102,0x0103,0x00da,
  0x00da,0x0104,0x00da,0x0105,0x0106,0x0107,0x0108,0x0109,0x010a,0x00da,0x010b,0x010c,
  0x010d,0x00da,0x00da,0x010e,0x010f,0x0110,0x010c,0x0111,0x0112,0x0113,0x0114,0x010c,
  0x0115,0x0116,0x00da,0x0117,0x0118,0x00da,0x0119,0x00da,0x00da,0x011a,0x011b,0x011c,
  0x00da,0x0106,0x011d,0x011e,0x00da,0x00da,0x00da,0x00da,0x00da,0x00da,0x00da,0x00da,
  0x00da,0x00da,0x00da,0x00da,0x00da,0x00da,0x00da,0x00da,0x00da,0x00da,0x00da,0x00da,
  0x00da,0x00da,0x00da,0x00da,0x00da,0x00da,0x00da,0x00da,0x00da,0x00da,0x00da,0x00da,
};

const u16 scene_map[600] = {
  0x0000,0x0000,0x0000,0x0001,0x0002,0x0000,0x0000,0x0000,0x0000,0x0000,0x0003,0x0000,
  0x0000,0x0004,0x0000,0x0000,0x0000,0x0000,0x0000,0x0000,0x0000,0x0005,0x0000,0x0000,
  0x0000,0x0006,0x0000,0x0000,0x0000,0x0000,0x0007,0x0008,0x0000,0x0009,0x0000,0x011f,
  0x0000,0x0120,0x0000,0x0000,0x0000,0x0000,0x0000,0x0121,0x0000,0x0122,0x0000,0x0123,
  0x0124,0x0000,0x0000,0x0000,0x0000,0x0000,0x0000,0x0000,0x0000,0x0000,0x0000,0x0000,
  0x0016,0x0016,0x0016,0x0016,0x0016,0x0016,0x0016,0x0016,0x0016,0x0016,0x0016,0x0125,
  0x0016,0x0016,0x0016,0x0016,0x0016,0x0016,0x0016,0x0016,0x0016,0x0126,0x0016,0x0016,
  0x0016,0x0016,0x0016,0x0027,0x0028,0x0016,0x0029,0x0029,0x0029,0x0029,0x0029,0x0029,
  0x0029,0x0029,0x0029,0x0029,0x0127,0x0029,0x0029,0x0029,0x0029,0x0029,0x0029,0x0029,
  0x0029,0x0029,0x0029,0x0029,0x0029,0x0029,0x0029,0x0029,0x0029,0x0029,0x0029,0x003b,
  0x003c,0x003c,0x003c,0x003c,0x003c,0x003c,0x003c,0x003c,0x003c,0x003c,0x003c,0x003c,
  0x003c,0x0128,0x003c,0x003c,0x003c,0x003c,0x003c,0x0129,0x003c,0x003c,0x003c,0x003c,
  0x003c,0x012a,0x004f,0x0050,0x003c,0x003c,0x0051,0x0051,0x0051,0x0051,0x0051,0x0051,
  0x0051,0x0051,0x0051,0x0051,0x012b,0x0051,0x0051,0x0051,0x0051,0x0051,0x0051,0x0051,
  0x0051,0x0051,0x0051,0x0051,0x0051,0x0051,0x0051,0x0051,0x0051,0x0051,0x0051,0x0051,
  0x0060,0x0061,0x0060,0x0060,0x0060,0x0060,0x0062,0x0060,0x0060,0x0060,0x0060,0x0060,
  0x0060,0x0060,0x0060,0x0060,0x0060,0x0060,0x0060,0x0060,0x0060,0x0060,0x0060,0x0060,
  0x0060,0x0071,0x0072,0x0073,0x0060,0x0060,0x0074,0x0074,0x0074,0x0074,0x0074,0x0074,
  0x0074,0x0074,0x0075,0x0074,0x0074,0x0074,0x0074,0x0074,0x0074,0x0074,0x0074,0x0074,
  0x0074,0x0074,0x0074,0x0074,0x0074,0x0074,0x0076,0x0077,0x0078,0x0079,0x0074,0x0074,
  0x007a,0x007a,0x007a,0x007a,0x007a,0x007a,0x007a,0x007a,0x007b,0x007a,0x007a,0x007a,
  0x007a,0x007a,0x007a,0x007a,0x007a,0x007a,0x007a,0x007a,0x007a,0x007a,0x007a,0x007a,
  0x007c,0x007d,0x007e,0x007f,0x0080,0x007a,0x0081,0x0081,0x0081,0x0081,0x0081,0x0081,
  0x0081,0x0082,0x0083,0x0081,0x0084,0x0085,0x0081,0x0081,0x0081,0x0081,0x0081,0x0081,
  0x0081,0x0081,0x0081,0x0081,0x0081,0x0081,0x0086,0x0087,0x0088,0x0089,0x0081,0x008a,
  0x008b,0x008c,0x008d,0x008b,0x008b,0x008b,0x008b,0x008e,0x008f,0x008b,0x008b,0x008b,
  0x008b,0x008b,0x008b,0x008b,0x008b,0x008b,0x008b,0x008b,0x008b,0x008b,0x008b,0x008b,
  0x0090,0x0091,0x0092,0x0093,0x008b,0x008b,0x0094,0x0095,0x0096,0x0097,0x0098,0x0099,
  0x0099,0x009a,0x009b,0x0099,0x0099,0x0099,0x0099,0x0099,0x0099,0x0099,0x0099,0x0099,
  0x0099,0x0099,0x0099,0x0099,0x009c,0x009d,0x009e,0x0099,0x0099,0x0099,0x0099,0x0099,
  0x009f,0x0095,0x0095,0x0095,0x00a0,0x00a1,0x00a2,0x00a3,0x00a4,0x00a2,0x00a2,0x00a2,
  0x00a2,0x00a2,0x00a2,0x00a2,0x00a2,0x00a2,0x00a2,0x00a2,0x00a5,0x00a6,0x00a7,0x0095,
  0x00a8,0x00a9,0x00aa,0x00ab,0x00ac,0x00ad,0x0095,0x0095,0x0095,0x0095,0x0095,0x00ae,
  0x00af,0x00b0,0x00b1,0x00b2,0x00b3,0x00b4,0x00b5,0x00b6,0x00b6,0x00b6,0x00b6,0x00b6,
  0x00b6,0x00b7,0x00b8,0x0095,0x0095,0x0095,0x0095,0x0095,0x0095,0x00b9,0x0095,0x0095,
  0x0095,0x00ba,0x00bb,0x0095,0x0095,0x00bc,0x0095,0x00bd,0x00be,0x00bf,0x00c0,0x00c1,
  0x00c2,0x00c3,0x00c4,0x00c5,0x00c6,0x00c7,0x00c8,0x00c9,0x00ca,0x0095,0x0095,0x0095,
  0x0095,0x0095,0x00cb,0x0095,0x0095,0x0095,0x00cc,0x00cd,0x00ce,0x00cf,0x00d0,0x00d1,
  0x0095,0x00d2,0x00d3,0x00d4,0x0095,0x00d5,0x00d6,0x00d7,0x00d8,0x00d9,0x00da,0x00db,
  0x00dc,0x00dd,0x00de,0x0095,0x0095,0x0095,0x00df,0x00e0,0x00e1,0x00e2,0x0095,0x00e3,
  0x00e4,0x00e5,0x00da,0x00da,0x00e6,0x00ce,0x00e7,0x00e8,0x00e9,0x00ea,0x00eb,0x00da,
  0x00ec,0x00ed,0x00da,0x00ee,0x00da,0x00da,0x00ef,0x00da,0x00f0,0x00f1,0x00f2,0x00f3,
  0x00f4,0x00f5,0x00da,0x00f6,0x00f7,0x00f8,0x00f9,0x00fa,0x00da,0x00da,0x00fb,0x00da,
  0x00fc,0x00e4,0x00fd,0x00da,0x00fe,0x00ff,0x0100,0x0101,0x00da,0x0102,0x0103,0x00da,
  0x00da,0x0104,0x00da,0x0105,0x0106,0x0107,0x0108,0x0109,0x010a,0x00da,0x010b,0x010c,
  0x010d,0x00da,0x00da,0x010e,0x010f,0x0110,0x010c,0x0111,0x0112,0x0113,0x0114,0x010c,
  0x0115,0x0116,0x00da,0x0117,0x0118,0x00da,0x0119,0x00da,0x00da,0x011a,0x011b,0x011c,
  0x00da,0x0106,0x011d,0x011e,0x00da,0x00da,0x00da,0x00da,0x00da,0x00da,0x00da,0x00da,
  0x00da,0x00da,0x00da,0x00da,0x00da,0x00da,0x00da,0x00da,0x00da,0x00da,0x00da,0x00da,
  0x00da,0x00da,0x00da,0x00da,0x00da,0x00da,0x00da,0x00da,0x00da,0x00da,0x00da,0x00da,
};

const u16 title_pal[16] = {
  0x1421,0x2042,0x34a4,0x40e9,0x4531,0x35fb,0x67be,0x4ef8,0x2ca5,0x2063,0x1021,0x337f,
  0x167d,0x08ad,0x7fff,0x1974,
};

const u32 ts_outdoor_tiles[1672] __attribute__((aligned(4))) = {
  0x00000000,0x00000000,0x00000000,0x00000000,0x00000000,0x00000000,0x00000000,0x00000000,
  0x11111112,0x12111111,0x13111111,0x11111111,0x11111211,0x11111311,0x11111111,0x11112111,
  0x21111111,0x31111111,0x11111111,0x11111111,0x11111111,0x11111111,0x11111111,0x12111113,
  0x11113111,0x11121111,0x11132111,0x11111111,0x11111111,0x11111111,0x11111113,0x11111111,
  0x13111111,0x11111111,0x11111111,0x11111111,0x11121111,0x11131111,0x11111111,0x11111111,
  0x11111131,0x11111121,0x11111131,0x11111111,0x11111111,0x11111211,0x11211311,0x11311111,
  0x11111111,0x11111111,0x11111111,0x11111111,0x11111121,0x11111131,0x11111111,0x11111111,
  0x11111111,0x12111121,0x13111131,0x11211111,0x11311111,0x11111111,0x11111111,0x11111111,
  0x13111111,0x11111111,0x11111111,0x11131111,0x11111211,0x11111111,0x11112111,0x11111111,
  0x11111311,0x11111111,0x11111111,0x11111111,0x11111111,0x11121111,0x31131111,0x11111111,
  0x11111111,0x11111111,0x11111111,0x11111111,0x11121111,0x11111161,0x11111666,0x11111161,
  0x11111111,0x21111111,0x31611111,0x16661111,0x11611111,0x11111111,0x11111111,0x11111111,
  0x31815111,0x18685511,0x21815111,0x31111111,0x11111111,0x11111111,0x11111111,0x21111111,
  0x11111311,0x11121111,0x11131111,0x11211111,0x21111111,0x31111111,0x11111111,0x11111131,
  0x11111111,0x11111111,0x11111111,0x11111111,0x11111121,0x11111142,0x11111444,0x11121141,
  0x11121111,0x11142111,0x11444111,0x11142111,0x11143111,0x11111111,0x11111111,0x11111111,
  0x11132141,0x11131111,0x11112111,0x11114211,0x11144411,0x11114111,0x11114111,0x11111111,
  0x11111111,0x11111111,0x11111111,0x11111111,0x11111111,0x11111131,0x11118111,0x11185811,
  0x11111111,0x11111111,0x11111111,0x11121111,0x11111111,0x11117111,0x11175711,0x23117111,
  0x11118111,0x11111111,0x11111111,0x11513111,0x15551111,0x11511112,0x11111113,0x11111111,
  0x11111111,0x11111111,0x11111111,0x11511112,0x15552113,0x11513111,0x11111111,0x11111111,
  0x11111111,0x11111111,0x11121112,0x11111113,0x11111111,0x11111111,0x11111111,0x11191111,
  0x11111111,0x11111111,0x11111111,0x11111111,0x11111111,0x12111911,0x131199a1,0x11129991,
  0x1199a111,0x21999111,0x111a1113,0x111a1111,0x111a1111,0x11111111,0x11131111,0x11111111,
  0x11131a11,0x11111a11,0x11111a11,0x11111131,0x11111111,0x11111111,0x11111111,0x11111111,
  0x00000000,0x77700000,0x55570000,0xaa457000,0x44445700,0x44aa4570,0x44444570,0xa4444457,
  0x00000000,0x00000777,0x00007555,0x00075444,0x00754aa4,0x07544444,0x07544444,0x7544444a,
  0x44444457,0x4aa44457,0x44444455,0x44444455,0x44444455,0x44444455,0x44444457,0x44444557,
  0x7544aa44,0x75444444,0x65444444,0x66444444,0x66544444,0x66554444,0x76555444,0x76655544,
  0x44444557,0x44445571,0x54455572,0x55555711,0x55555571,0x55555571,0x65665667,0x56556571,
  0x76665554,0x17666555,0x17666655,0x11765555,0x17555555,0x17555555,0x76656656,0x17565565,
  0x55557711,0x88771111,0x98a11111,0x88a11111,0x88a11131,0x88a11111,0x88aa1111,0xaaaaa111,
  0x13775555,0x131177aa,0x21111aaa,0x31111aaa,0x11111aaa,0x12111aaa,0x1311aaaa,0x111aaaaa,
  0xb0000000,0x7b000000,0x67b00000,0x66b00000,0x66b00000,0x766b0000,0x676b0000,0x667b0000,
  0x000000bb,0x00000b45,0x00000b45,0x00000b45,0x00000b45,0x0000b445,0x0000b445,0x0000b445,
  0x666b0000,0x7666b000,0x6766b000,0x6675b000,0x5667b000,0x5666b000,0x67666b00,0x66766b00,
  0x0000b445,0x000b4445,0x000b4445,0x000b4445,0x00b44445,0x000b4445,0x00b44445,0x00b44445,
  0x666766b1,0x566655b1,0x5766555b,0x56766bb1,0x566766b1,0x5566766b,0x5566676b,0x55555555,
  0x1b444445,0x1b444445,0xb4444445,0x1bb44445,0x2b444455,0xb4444455,0x44444455,0x44444445,
  0x55555555,0x8bbbbbbb,0x8b111111,0x8b111111,0x8b111111,0x8b111111,0x8bb31111,0xaaab1111,
  0x44444445,0xbbbbbbb8,0x111111b8,0x111111ba,0x111111ba,0x111111b8,0x11111bb8,0x1111baaa,
  0x11111113,0x11111111,0x11111111,0x66611111,0x4a566211,0x44a45611,0x444a4561,0x444ca456,
  0x11111111,0x11111111,0x11111111,0x11111666,0x11166544,0x11654a4b,0x16544ca4,0x65a4444a,
  0x44444456,0x44444456,0xc4444556,0x54445556,0x55555561,0x55555611,0x55566111,0x66611111,
  0x65554444,0x65555544,0x65555554,0x65555555,0x16555555,0x11655555,0x11166555,0x11111666,
  0x11111111,0x11111121,0x11111111,0x11111111,0x11131131,0x3e311111,0xe4ee3e11,0x4444e4e2,
  0x11111111,0x11111111,0x11121111,0x11131111,0x11111e11,0x111ee4e3,0x11e4ee3e,0x1e44e3e4,
  0x4444eee3,0xe4ee3e4e,0x3ee3e44e,0x3e5ee4e1,0xeee444e1,0x44444e11,0x544ee111,0xeee11111,
  0x1e5e33e4,0xe55e3e5e,0xe555e5e3,0x1e55ee33,0x1e5555ee,0x11e55555,0x111ee555,0x11111eee,
  0x11111111,0x11111111,0x11111111,0x11211772,0x11311871,0x11111871,0x77777877,0x88888878,
  0x11111111,0x11111111,0x11111111,0x17711111,0x18711111,0x18711111,0x78777777,0x88788888,
  0x11111871,0x11111871,0x77777877,0x88888878,0x11111871,0x21111871,0x33333333,0x11111111,
  0x18711111,0x18711111,0x78777777,0x88788888,0x18713112,0x18711111,0x33333333,0x11111111,
  0x77111111,0x77111111,0x77771111,0x88881112,0x77311111,0x77111111,0x77111111,0x77111111,
  0x11111188,0x11111188,0x11117777,0x11118888,0x11111188,0x11111188,0x11111188,0x11111188,
  0x77111111,0x77771111,0x88881111,0x77111111,0x77111111,0x77111111,0x77111111,0x77111111,
  0x11111188,0x11117777,0x13118888,0x11111188,0x11113188,0x11111188,0x11111188,0x11111188,
  0x11111111,0x11111111,0xccccc711,0xccccc711,0xeeeec711,0xccccc711,0xeeeec711,0x77777711,
  0x11111311,0x11111111,0x217ccccc,0x317ccccc,0x117ceeee,0x117ccccc,0x117cceec,0x11777777,
  0x77777711,0x81111111,0x81111111,0x81111111,0x82111111,0x83111111,0x81111111,0x11111111,
  0x11777777,0x11111118,0x11111118,0x31111118,0x11111118,0x11111118,0x11121118,0x11111111,
  0x11111111,0x11111111,0x11111111,0x11111111,0xa7777712,0xa7777713,0xa8888931,0xa7777911,
  0x11111111,0x11111111,0x11111111,0x11111111,0x1277777a,0x1177777a,0x1198888a,0x1197777a,
  0xe8888911,0xa8888911,0xa8888911,0xa8888912,0xa8888911,0xa9999911,0x11131111,0x11111111,
  0x1198888e,0x1198888a,0x1198888a,0x1198888a,0x1198888a,0x1199999a,0x11111111,0x11111111,
  0x11111111,0xa7777711,0xa7777711,0xa8888811,0x11111112,0x11111113,0x99999931,0xeeeee911,
  0x11111111,0x1177777a,0x1177777a,0x1188888a,0x12111111,0x11111111,0x11999999,0x119eeeee,
  0xeeaee911,0xeeeee911,0xa8888911,0xa8888912,0xa8888911,0xa9999911,0x11131111,0x11111111,
  0x119eeaea,0x119eeeee,0x1198888a,0x1198888a,0x1198888a,0x1199999a,0x11111111,0x11111111,
  0x11111111,0x11111111,0x44411111,0x44411111,0x44441111,0x64441111,0x64441111,0x66641111,
  0x11111111,0x11111111,0x11111444,0x11111444,0x11114444,0x11115446,0x21115446,0x11115666,
  0x66641111,0x64441211,0x44441311,0x44441111,0x44441111,0x55551111,0x55551111,0x11111111,
  0x11115666,0x11115446,0x11115444,0x11115444,0x11115444,0x11115555,0x13115555,0x11111111,
  0x44444434,0x33333334,0x21212134,0x31111134,0x33333334,0x22232234,0x11131134,0x11131134,
  0x44444444,0x33333333,0x21212121,0x31111133,0x33333333,0x22232222,0x11131111,0x11131111,
  0x11333134,0x33333334,0x22222234,0x11111134,0x11111134,0x31111134,0x33333334,0x22232234,
  0x11333111,0x33333333,0x22222223,0x11111113,0x11111113,0x31111133,0x33333333,0x22232222,
  0x11131134,0x11131134,0x11333134,0x33333334,0x22222234,0x11111134,0x11111134,0x31111134,
  0x11131111,0x11131111,0x11333111,0x33333333,0x22222223,0x11111113,0x11111113,0x31111133,
  0x33333334,0x22232234,0x11131134,0x11131134,0x11333134,0x33333334,0x44444434,0x44444434,
  0x33333333,0x22232222,0x11131111,0x11131111,0x11333111,0x33333333,0x44444444,0x44444444,
  0x43444444,0x43333333,0x43212121,0x43111133,0x43333333,0x43232222,0x43131111,0x43131111,
  0x43333111,0x43333333,0x43222223,0x43111113,0x43111113,0x43111133,0x43333333,0x43232222,
  0x43131111,0x43131111,0x43333111,0x43333333,0x43222223,0x43111113,0x43111113,0x43111133,
  0x43333333,0x43232222,0x43131111,0x43131111,0x43333111,0x43333333,0x43444444,0x43444444,
  0x44444444,0x11111111,0x11111111,0x11111111,0x11211111,0x11111111,0x11111111,0x11121111,
  0x44444444,0x11111111,0x11111111,0x11111111,0x11111111,0x11111111,0x11111211,0x11111111,
  0x11111111,0x12111111,0x11111121,0x11111111,0x11111111,0xcccccccc,0xbbbbbbbb,0xbbbbbbbb,
  0x11111111,0x12111111,0x12111111,0x11111111,0x11112111,0xcccccccc,0xbbbbbbbb,0xbbbbbbbb,
  0x44444445,0x11111145,0x11111145,0x11111145,0x11211145,0x11111145,0x11111145,0x11121145,
  0x11111145,0x12111145,0x11111145,0x11111145,0x11111145,0xcccccc45,0xbbbbbb45,0xbbbbbb45,
  0x44444444,0x11111111,0x44445111,0x46665111,0x46f65111,0x46665111,0x44445111,0x47775111,
  0x44444444,0x11111111,0x11154444,0x11156664,0x11156664,0x11156664,0x11154444,0x11157774,
  0x47775111,0x47775111,0x44445121,0x55555111,0x11111111,0xcccccccc,0xbbbbbbbb,0xbbbbbbbb,
  0x11157774,0x12157774,0x12154444,0x11155555,0x11112111,0xcccccccc,0xbbbbbbbb,0xbbbbbbbb,
  0x44444444,0x44444111,0xa8884111,0xa8884111,0xa9994111,0xa9994111,0xa9994111,0xa9994111,
  0x44444444,0x11144444,0x11148888,0x11148888,0x11149998,0x11149998,0x11149998,0x11149998,
  0xa9994111,0xa9994111,0xa9994121,0xa9994111,0xa9994111,0xcccccccc,0xcbbbbbbb,0xbbbbbbbb,
  0x11149998,0x12149d98,0x12149d98,0x11149998,0x11149998,0xcccccccc,0xbbbbbbbb,0xbbbbbbbb,
  0xcccccc55,0x55555555,0x77771155,0x77771155,0x77771155,0x77771155,0x77771155,0x77771155,
  0xcccccccc,0x55555555,0x77771111,0x77771111,0x77771111,0x77771111,0x77771111,0x77771111,
  0x77771155,0x77771155,0x77781155,0x77701155,0x87803155,0x08000300,0x00000000,0x00000000,
  0x77771111,0x77771111,0x77781113,0x77701110,0x87803130,0x08000300,0x00000000,0x00000000,
  0x66666655,0x66566655,0x65666655,0x66666655,0x97d17d55,0x99611655,0x99611555,0x99611655,
  0x66666666,0x66666666,0x56666666,0x65666566,0xdd77db7d,0x66776bb6,0x66776bb6,0x66776bb5,
  0xccccccc5,0xdddddd55,0x66666655,0x66666655,0x66666655,0x66666655,0xdddddd55,0x66666655,
  0x6ccccccc,0xdddddddd,0x65666656,0x66666666,0x66665656,0x66666666,0xdddddddd,0x66666566,
  0x97c17ccc,0x99c11ccc,0x99c11ccc,0x99c11ccc,0x66666666,0x55555556,0x55555556,0x55555556,
  0xccccb7cc,0xccccbbcc,0xccccbbcc,0xccccbbcc,0x66666666,0x55555556,0x55555556,0x55555556,
  0x66666656,0x55555656,0x55555656,0x55555656,0x55555656,0x66666656,0x55555556,0x55555556,
  0x55666666,0x55655555,0x55655555,0x55655555,0x55655555,0x55666666,0x55555556,0x55555556,
  0x66666666,0x66566666,0x65666656,0x66666666,0x97d17ddd,0x99611666,0x99611566,0x99611666,
  0xccccccc6,0xdddddddd,0x66666666,0x66666656,0x66666666,0x66666666,0xdddddddd,0x66666666,
  0xc17cb7cc,0xc11cbbcc,0xc11cbbcc,0xc11cbbcc,0x66666666,0x55555556,0x55555556,0x55555556,
  0xcc77c97c,0xcc77c99c,0xcc77c99c,0xcc77c99c,0x66666666,0x55555556,0x55555556,0x55555556,
  0x55cccccc,0x55555555,0x55771111,0x55771111,0x55771111,0x55771111,0x55771111,0x55771111,
  0x55771111,0x55771111,0x55781113,0x55701110,0x55803130,0x08000300,0x00000000,0x00000000,
  0x55666666,0x55666666,0x55666666,0x55666566,0x5577db7d,0x55776bb6,0x55776bb6,0x55776bb5,
  0x5ccccccc,0x55dddddd,0x55666656,0x55666666,0x55665656,0x55666666,0x55dddddd,0x55666566,
  0x7cc97ccc,0x1cc99ccc,0x1cc99ccc,0x1cc99ccc,0x66666666,0x55555556,0x55555556,0x55555556,
  0xcccb7cc1,0xcccbbcc1,0xcccbbcc1,0xcccbbcc1,0x66666666,0x55555556,0x55555556,0x55555556,
  0x91111119,0x19111111,0x11911111,0x11191111,0x11119111,0x11111911,0x11111191,0x11111119,
  0x19111111,0x11911111,0x11191111,0x11119111,0x61111911,0x51111111,0x52221111,0x54522221,
  0x21111111,0x22111111,0x42211111,0x64221111,0x44421111,0x55422111,0x44552119,0x44442111,
  0x51464422,0x21444444,0x21564444,0x21445544,0x21444455,0x21444644,0x21554444,0x21145544,
  0x91111119,0x19111111,0x11911111,0x11191111,0x11111116,0x11111115,0x11112225,0x12222545,
  0x19111111,0x11911111,0x11191111,0x11119111,0x11111911,0x11111191,0x91111111,0x19111111,
  0x22444435,0x55444432,0x44556432,0x44445532,0x44444632,0x55444432,0x44554432,0x44445132,
  0x11911112,0x11191122,0x11111224,0x11112244,0x11112455,0x91122444,0x11124444,0x11125544,
  0x44642219,0x55442211,0x44552111,0x44442111,0x44422131,0x55422131,0x44221391,0x42211319,
  0x11114455,0x11114444,0x11134446,0x11335544,0x33346455,0x55444444,0x46554444,0x44445544,
  0x22113111,0x21131111,0x11331111,0x33119111,0x31111911,0x11111191,0x91111119,0x19111111,
  0x44444455,0x55444422,0x44522221,0x22222111,0x11111133,0x33333339,0x33333111,0x11911111,
  0x44441111,0x55441111,0x44553111,0x44443311,0x44444333,0x55444444,0x44554444,0x44445544,
  0x11224455,0x11224444,0x11126444,0x11125544,0x13122455,0x13122444,0x91312244,0x19311224,
  0x44444455,0x22444444,0x12222444,0x11122222,0x33111111,0x13333333,0x91133333,0x19111111,
  0x11931122,0x11193112,0x11113311,0x11111933,0x11111193,0x91111119,0x19111111,0x11911111,
  0x44444444,0x44444444,0x55545544,0x55555544,0x55455444,0x66666644,0x55655544,0x55655544,
  0x44444444,0x44444444,0x45555556,0x54555556,0x54554556,0x66666666,0x55655554,0x55655554,
  0x55645544,0x55645544,0x55655544,0x66666644,0x55555544,0x55555444,0x55555544,0x55555544,
  0x55655555,0x55655555,0x55655555,0x66666666,0x55555556,0x45555556,0x55555546,0x45545546,
  0x44444444,0x44444444,0x55545556,0x55555556,0xee455456,0x3e666666,0xee655555,0x3e655555,
  0x44444444,0x44444444,0x45555556,0x54555556,0x545545ee,0x666666e3,0x556555ee,0x556555e3,
  0x3e645555,0xee645555,0x55655554,0x66666666,0x55555556,0x55555456,0x66666666,0x66666666,
  0x556555e3,0x556555ee,0x55655555,0x66666666,0x55555556,0x45555556,0x66666666,0x66666666,
  0x44444444,0x44444444,0x55545556,0x55555556,0x55455456,0x66666666,0x55655555,0x55655555,
  0x66444444,0x66444444,0x66555556,0x66555556,0x66554556,0x66666666,0x66655554,0x66655554,
  0x55645555,0x55645555,0x55655554,0x66666666,0x55555556,0x55555456,0x55555556,0x55555556,
  0x66655555,0x66655555,0x66655555,0x66666666,0x66555556,0x66555556,0x66555546,0x66545546,
  0x55556444,0x55556444,0x55546444,0x55556444,0x55456444,0x66666444,0x55656444,0x55656444,
  0x55555556,0x55555556,0x45555556,0x54555556,0x54554556,0x66666666,0x55655554,0x55655554,
  0x55646444,0x55646444,0x55656444,0x66666444,0x55556444,0x55556444,0x55556444,0x55556444,
  0x66666666,0x66666666,0x66666666,0xeeeeeeee,0xeeeeeeee,0xeeeeeeee,0xeeeeeeee,0xeeeeeeee,
  0xeeeeeeee,0xeeeeeeee,0xeeeeeeee,0xeeeeeeee,0xeeeeeeee,0xeeeeeeee,0xeeeeeeee,0xeeeeeeee,
  0x55555556,0x55555556,0x55545556,0x55555556,0x55455456,0x66666666,0x55655555,0x55655555,
  0x55565556,0x55565556,0x55565556,0x55565556,0x55564556,0x55566666,0x55565554,0x55565554,
  0x55565555,0x55565555,0x55565555,0x55566666,0x55565556,0x55565556,0x55565546,0x55565546,
  0xcccccccc,0xaaaaaaac,0xbbbbbbac,0xbbbbbbac,0xbbbbbbac,0xbbbbbbac,0xbbbbbbac,0xbbbbbbac,
  0x44473111,0x44473113,0x44473111,0x44473111,0x56673112,0x44473111,0x44473111,0x46473111,
  0x11137444,0x11137444,0x11137448,0x11137444,0x11137444,0x11137444,0x21137444,0x11137444,
  0x44473111,0x44473113,0x44473211,0x44473111,0x44473111,0x44473111,0x54573121,0x44473121,
  0x11137444,0x11137444,0x11137464,0x11137445,0x12137555,0x31137444,0x21137444,0x11137444,
  0x11137444,0x11137444,0x11337448,0x33374444,0x77744444,0x44444444,0x45448444,0x85444444,
  0x64444444,0x44444444,0x44444464,0x44444445,0x44445555,0x44444444,0x44445444,0x44444444,
  0x11111111,0x11111113,0x11112111,0x33333333,0x77777777,0x44454444,0x44454455,0x46444444,
  0x11111311,0x11111111,0x11111311,0x33333333,0x77777777,0x44444444,0x45448444,0x85444444,
  0x44444545,0x44445444,0x44445444,0x44444464,0x44444484,0x44444554,0x54544448,0x44444644,
  0x44473111,0x44473113,0x44473311,0x44487333,0x56644777,0x44454444,0x44454455,0x46444444,
  0x11111311,0x11111111,0x11111311,0x11111113,0x11111337,0x11113774,0x21113744,0x11137444,
  0x44644444,0x64854444,0x64464448,0x64444444,0x44444444,0x44444444,0x45448444,0x85444444,
  0x44473111,0x44731113,0x47731211,0x73331111,0x31112111,0x11112111,0x11111121,0x11111121,
  0x64444444,0x44444444,0x44444464,0x77777777,0x33333333,0x31112111,0x21111112,0x11121111,
  0x44446444,0x44444444,0x44444644,0x44486444,0x56644444,0x44454444,0x44454455,0x46444444,
  0x44444545,0x44445444,0x44445444,0x77777777,0x33333333,0x11112111,0x11111121,0x11111121,
  0x44444545,0x44445444,0x44445444,0x44444777,0x44447333,0x44473311,0x54573121,0x44473121,
  0x64444444,0x44444444,0x44444464,0x77744445,0x33375555,0x31337444,0x21137444,0x11137444,
  0x11137444,0x11113744,0x11113774,0x11111337,0x12111113,0x31112111,0x21111112,0x11121111,
  0x1113cccc,0x1113caac,0x1113cbac,0x1113cbac,0x1113cbac,0x1113cbac,0x2113cbac,0x1113cbac,
  0x1113cccc,0x1113caac,0x1113cbac,0x1113cbac,0x1213cbac,0x3113cbac,0x2113cbac,0x1113cbac,
  0x1113cccc,0x1113caac,0x1133cbac,0x333cbbac,0xcccbbbac,0xbbbbbbac,0xbbbbbbac,0xbbbbbbac,
  0xcccc3111,0xaaac3113,0xbbbc3111,0xbbbc3111,0xbbbc3112,0xbbbc3111,0xbbbc3111,0xbbbc3111,
  0xcccc3111,0xaaac3113,0xbbbc3211,0xbbbc3111,0xbbbc3111,0xbbbc3111,0xbbbc3121,0xbbbc3121,
  0xcccccccc,0xaaaaaaac,0xbbbbbbac,0xcccbbbac,0x333cbbac,0x3133cbac,0x2113cbac,0x1113cbac,
  0xcccc3111,0xaac31113,0xbcc31211,0xc3331111,0x31112111,0x11112111,0x11111121,0x11111121,
  0xcccccccc,0xaaaaaaac,0xbbbbbbac,0xcccccccc,0x33333333,0x31112111,0x21111112,0x11121111,
  0xcccccccc,0xaaaaaaac,0xbbbbbbac,0xcccccccc,0x33333333,0x11112111,0x11111121,0x11111121,
  0xcccccccc,0xaaaaaaac,0xbbbbbbac,0xbbbbbccc,0xbbbbc333,0xbbbc3311,0xbbbc3121,0xbbbc3121,
  0x1113cccc,0x11113cac,0x11113ccc,0x1111133c,0x12111113,0x31112111,0x21111112,0x11121111,
  0x11111111,0x11111113,0x11112111,0x31113111,0x83311112,0x68831111,0x56831111,0x55683111,
  0x11111311,0x11111111,0x11111311,0x33333333,0x88888888,0x77677677,0x55675555,0x55556655,
  0x55783111,0x66783113,0x55683211,0x75783111,0x54783111,0x55683111,0x55783121,0x66783121,
  0x54555566,0x55545555,0x55555455,0x66555554,0x55665555,0x55556655,0x54555566,0x55545555,
  0x11111111,0x11111113,0x11112111,0x33333333,0x88888888,0x67767767,0x54555566,0x55545555,
  0x55555455,0x66555554,0x55665555,0x75556655,0x54555576,0x55545555,0x55557455,0x66555554,
  0x11111311,0x11111111,0x11111311,0x11111113,0x11111338,0x11113887,0x21113865,0x11138755,
  0x11138666,0x11138755,0x11138755,0x11138654,0x12138755,0x31138755,0x21138666,0x11138755,
  0x57783111,0x55683113,0x55783311,0x66578333,0x55677888,0x55556767,0x54555566,0x55545555,
  0x55665555,0x55556675,0x54555566,0x55545755,0x55555455,0x66555554,0x55675555,0x55556655,
  0x57555566,0x55545555,0x55555455,0x66555554,0x55665555,0x55556655,0x54555566,0x55545555,
  0x11138755,0x11138775,0x11338666,0x33387755,0x88876455,0x77655554,0x55675555,0x55556655,
  0x57783111,0x55683113,0x55783111,0x66783111,0x55683112,0x55783111,0x54783111,0x55683111,
  0x11138755,0x11138775,0x11138666,0x11138755,0x11138755,0x11138654,0x21138755,0x11138755,
  0x55783111,0x66831113,0x78831211,0x83331111,0x31112111,0x11112111,0x11111121,0x11111121,
  0x54555566,0x55545555,0x76776776,0x88888888,0x33333333,0x31112111,0x21111112,0x11121111,
  0x55555455,0x66555554,0x55665677,0x75567888,0x54578333,0x55683311,0x55783121,0x66783121,
  0x54555566,0x55545555,0x76755455,0x88877554,0x33387555,0x31338755,0x21138666,0x11138755,
  0x55555455,0x66555554,0x77677677,0x88888888,0x33333333,0x11112111,0x11111121,0x11111121,
  0x11138666,0x11113865,0x11113886,0x11111338,0x12111113,0x31112111,0x21111112,0x11121111,
  0x11111111,0x11111113,0x11112111,0x31113111,0x73311112,0x47731111,0x44731111,0x46473111,
};

const u16 ts_outdoor_pal[192] = {
  0x0000,0x26eb,0x2f4f,0x1e68,0x19e5,0x7bff,0x2b9f,0x5e5e,0x7eb0,0x211c,0x6bbe,0x2a37,0x5694,0x1a27,0x2b2d,0x0000,
  0x0000,0x26eb,0x2f4f,0x1e68,0x36bb,0x473d,0x2616,0x1d91,0x52f9,0x35f1,0x6b39,0x5a94,0x41ad,0x21b1,0x5f7d,0x0000,
  0x0000,0x26eb,0x2f4f,0x1e68,0x69a5,0x7627,0x7ecd,0x7fdb,0x537d,0x3ab8,0x4e31,0x2ec9,0x1de5,0x66bf,0x2a8f,0x0000,
  0x0000,0x639e,0x4f1b,0x3e97,0x1db3,0x2a38,0x110d,0x7f52,0x55a7,0x152f,0x08a9,0x5eb5,0x45ef,0x2b5e,0x253a,0x77ff,
  0x0000,0x1d3b,0x2dfe,0x14b4,0x106e,0x1db3,0x110d,0x7bff,0x737b,0x6e09,0x5165,0x335f,0x2a38,0x0c87,0x4a9d,0x5eb5,
  0x0000,0x65e9,0x7aaf,0x5165,0x38e3,0x1db3,0x110d,0x7bff,0x737b,0x1d3b,0x14b4,0x335f,0x2a38,0x0c87,0x7f35,0x5eb5,
  0x0000,0x26eb,0x2f4f,0x1e68,0x1e67,0x2b0c,0x19c5,0x1543,0x1971,0x21f6,0x0ceb,0x3b93,0x5e5e,0x291c,0x737f,0x0000,
  0x0000,0x26eb,0x2f4f,0x1e68,0x6b39,0x5694,0x3dce,0x2a38,0x1db3,0x110d,0x233e,0x0df5,0x5b9e,0x211a,0x10a7,0x7fff,
  0x0000,0x26eb,0x2f4f,0x1e68,0x1923,0x1d84,0x2606,0x2e8a,0x1971,0x21f6,0x0ceb,0x3b0f,0x10e2,0x73dd,0x4f34,0x0000,
  0x0000,0x6b39,0x5694,0x3dce,0x7627,0x7ecd,0x7fdb,0x1d3b,0x7bff,0x737b,0x1db3,0x110d,0x233e,0x69a5,0x7bbd,0x26eb,
  0x0000,0x0000,0x0000,0x0000,0x0000,0x0000,0x0000,0x0000,0x0000,0x0000,0x0000,0x0000,0x0000,0x0000,0x0000,0x0000,
  0x0000,0x0000,0x0000,0x0000,0x0000,0x0000,0x0000,0x0000,0x0000,0x0000,0x0000,0x0000,0x0000,0x0000,0x0000,0x0000,
};

const u16 ts_outdoor_meta[620] = {
  0x0001,0x0002,0x0003,0x0004,0x0005,0x0006,0x0007,0x0008,0x0009,0x000a,0x000b,0x000c,
  0x000d,0x000e,0x000f,0x0010,0x0011,0x0012,0x0013,0x0014,0x0015,0x0016,0x0017,0x0018,
  0x6019,0x601a,0x601b,0x601c,0x601d,0x601e,0x601f,0x6020,0x8021,0x8022,0x8023,0x8024,
  0x8025,0x8026,0x8027,0x8028,0x6029,0x602a,0x602b,0x602c,0x702d,0x702e,0x702f,0x7030,
  0x7031,0x7032,0x7033,0x7034,0x7035,0x7036,0x7037,0x7038,0x7039,0x703a,0x703b,0x703c,
  0x703d,0x703e,0x703f,0x7040,0x7041,0x7042,0x7043,0x7044,0x7045,0x7046,0x7047,0x7048,
  0x4049,0x404a,0x404b,0x404c,0x404d,0x404e,0x404f,0x4050,0x5049,0x504a,0x504b,0x504c,
  0x504d,0x504e,0x504f,0x5050,0x404a,0x404a,0x404c,0x404c,0x404e,0x404e,0x4050,0x4050,
  0x504a,0x504a,0x504c,0x504c,0x504e,0x504e,0x5050,0x5050,0x404a,0x4051,0x404c,0x4052,
  0x404e,0x4053,0x4050,0x4054,0x504a,0x5051,0x504c,0x5052,0x504e,0x5053,0x5050,0x5054,
  0x3055,0x3056,0x3057,0x3058,0x3059,0x3056,0x305a,0x3058,0x305b,0x305c,0x305d,0x305e,
  0x305f,0x3060,0x3061,0x3062,0x4063,0x4064,0x4065,0x4066,0x4067,0x4068,0x4069,0x406a,
  0x406b,0x406c,0x406d,0x406e,0x4064,0x4064,0x4066,0x4066,0x406f,0x4068,0x4070,0x406a,
  0x4071,0x4072,0x406d,0x406e,0x4064,0x4073,0x4066,0x4074,0x406f,0x4075,0x4070,0x4076,
  0x4077,0x4078,0x406d,0x406e,0x9079,0x907a,0x907b,0x907c,0x907d,0x907e,0x907f,0x9080,
  0x9081,0x9082,0x9083,0x9084,0x9085,0x9086,0x9087,0x9088,0x7089,0x708a,0x708b,0x708c,
  0x708d,0x708e,0x708f,0x7090,0x7091,0x7092,0x7093,0x7094,0x7095,0x7096,0x7097,0x708c,
  0x7098,0x7098,0x7099,0x7099,0x709a,0x709b,0x7093,0x709c,0x109d,0x109d,0x109d,0x109d,
  0x109e,0x109f,0x10a0,0x10a1,0x109e,0x109f,0x10a0,0x10a1,0x109e,0x109f,0x10a0,0x10a1,
  0x109e,0x109f,0x10a0,0x10a1,0x109e,0x10a2,0x10a0,0x10a3,0x10a4,0x10a5,0x10a6,0x10a3,
  0x10a4,0x10a5,0x10a6,0x10a3,0x10a4,0x10a5,0x10a6,0x10a3,0x10a7,0x10a2,0x10a6,0x10a3,
  0x10a4,0x10a8,0x10a6,0x10a1,0x109e,0x10a9,0x10aa,0x10ab,0x10ac,0x10a9,0x10ad,0x10ab,
  0x10ac,0x10a9,0x10ad,0x10ab,0x10ac,0x10a9,0x10ae,0x10a3,0x10ac,0x10a9,0x10a6,0x10a3,
  0x10ac,0x10a9,0x10a6,0x10af,0x10ac,0x10a9,0x10ad,0x10ab,0x10ac,0x109f,0x10ad,0x10b0,
  0x109d,0x109d,0x109d,0x109d,0x109d,0x10b1,0x109d,0x10b2,0x109d,0x10b1,0x109d,0x10b2,
  0x109d,0x10b3,0x109d,0x109d,0x10b4,0x109d,0x10b5,0x109d,0x109d,0x109d,0x109d,0x10b6,
  0x109d,0x10b1,0x109d,0x10b2,0x10b4,0x109d,0x10b7,0x10b8,0x109d,0x109d,0x10b9,0x10b8,
  0x109d,0x109d,0x10b9,0x10b8,0x109d,0x109d,0x10ba,0x109d,0x109d,0x109d,0x10b9,0x10b8,
  0x109d,0x10b1,0x10b9,0x10bb,0x10b4,0x109d,0x10b5,0x109d,0x109e,0x10a9,0x10a0,0x10a3,
  0x10ac,0x109f,0x10a6,0x10a1,0x20bc,0x20bd,0x20be,0x20bf,0x20c0,0x20bd,0x20c1,0x20bf,
  0x20c0,0x20c2,0x20c1,0x20c3,0x20bc,0x20bd,0x20be,0x20bf,0x20c4,0x20c5,0x20c1,0x20bf,
  0x20c6,0x20c5,0x20c1,0x20bf,0x20c6,0x20c7,0x20c1,0x20bf,0x20c0,0x20c2,0x20c1,0x20c3,
  0x20c8,0x20c5,0x20be,0x20bf,0x20c6,0x20c9,0x20c1,0x20c3,0x20c8,0x20c5,0x20ca,0x20cb,
  0x20c6,0x20c5,0x20cc,0x20bf,0x20c6,0x20c5,0x20c1,0x20cd,0x20c6,0x20c9,0x20ce,0x20cf,
  0x20c8,0x20c5,0x20ca,0x20cb,0x20c6,0x20c5,0x20ce,0x20cb,0x20c6,0x20c9,0x20ce,0x20cf,
  0x109e,0x10a9,0x10a0,0x10a3,0x10ac,0x10a9,0x10a6,0x10a3,0x10ac,0x109f,0x10a6,0x10a1,
  0x109e,0x10a9,0x10aa,0x10ab,0x10ac,0x10a9,0x10ae,0x10a3,0x109e,0x10a9,0x10a0,0x10a3,
  0x109e,0x10a9,0x10a0,0x10a3,0x10d0,0x10a5,0x10a0,0x10a3,0x10a7,0x10a9,0x10a6,0x10af,
  0x10ac,0x109f,0x10ad,0x10b0,0x10ac,0x109f,0x10a6,0x10a1,0x109e,0x10a2,0x10a0,0x10a3,
  0x10a4,0x10a8,0x10a6,0x10a1,0x10d0,0x10a5,0x10a0,0x10a3,0x10a7,0x10a9,0x10a6,0x10a3,
  0x10ac,0x109f,0x10a6,0x10a1,0x10d0,0x10a5,0x10a0,0x10a3,0x10a4,0x10a5,0x10a6,0x10a3,
  0x10a4,0x10a5,0x10a6,0x10a3,0x10ac,0x10a9,0x10ad,0x10ab,0x10ac,0x10a2,0x10ae,0x10a3,
  0x10a4,0x10a5,0x10a6,0x10a3,0x10a4,0x10a8,0x10a6,0x10a1,0x10a7,0x10a2,0x10a6,0x10a3,
  0x10ac,0x10a9,0x10a6,0x10af,0x10ac,0x10a9,0x10ad,0x10ab,0x10ac,0x109f,0x10ad,0x10b0,
  0x109e,0x10a9,0x10aa,0x10ab,0x10ac,0x10a9,0x10ad,0x10ab,0x10ac,0x10a9,0x10ad,0x10ab,
  0x10ac,0x109f,0x10ad,0x10b0,0x20bc,0x20bd,0x20be,0x20bf,0x20c0,0x20bd,0x20c1,0x20bf,
  0x20c0,0x20c2,0x20c1,0x20c3,0x20bc,0x20bd,0x20be,0x20bf,0x20c4,0x20c5,0x20c1,0x20bf,
  0x20c6,0x20c5,0x20c1,0x20bf,0x20c6,0x20c7,0x20c1,0x20bf,0x20c0,0x20c2,0x20c1,0x20c3,
  0x20c8,0x20c5,0x20be,0x20bf,0x20c6,0x20c9,0x20c1,0x20c3,0x20c8,0x20c5,0x20ca,0x20cb,
  0x20c6,0x20c5,0x20cc,0x20bf,0x20c6,0x20c5,0x20c1,0x20cd,0x20c6,0x20c9,0x20ce,0x20cf,
  0x20c8,0x20c5,0x20ca,0x20cb,0x20c6,0x20c5,0x20ce,0x20cb,0x20c6,0x20c9,0x20ce,0x20cf,
  0x109e,0x10a9,0x10aa,0x10ab,0x10ac,0x109f,0x10ad,0x10b0,
};

const u8 ts_outdoor_flags[155] = {
  0,0,0,0,0,0,0,1,0,1,5,1,1,1,17,9,1,1,1,1,1,1,1,1,
  1,1,1,1,1,1,1,1,1,1,1,1,1,1,1,1,1,1,1,1,1,1,1,1,
  1,1,1,0,1,0,0,0,0,0,0,0,0,0,0,0,0,0,0,0,0,0,0,0,
  0,0,0,0,0,0,0,0,0,0,0,0,0,0,0,0,3,3,3,3,3,3,3,3,
  3,3,3,3,3,3,3,3,3,0,0,0,0,0,0,0,0,0,0,0,0,0,0,0,
  0,0,0,0,0,0,0,0,0,0,0,0,0,0,0,0,3,3,3,3,3,3,3,3,
  3,3,3,3,3,3,3,3,3,0,0,
};

const u8 ts_outdoor_cycles[8] = {
  2,5,3,14,9,4,3,14,
};

const u32 ts_dungeon_tiles[728] __attribute__((aligned(4))) = {
  0x00000000,0x00000000,0x00000000,0x00000000,0x00000000,0x00000000,0x00000000,0x00000000,
  0x33333333,0x22222223,0x11111123,0x11111123,0x11111123,0x11131123,0x11111123,0x11111123,
  0x33333333,0x22222223,0x11111123,0x11111123,0x11111123,0x31111123,0x11111123,0x11111123,
  0x33333333,0x22222223,0x11111123,0x11111123,0x11111123,0x11111123,0x11111123,0x11313323,
  0x33333333,0x22222223,0x13311123,0x11111123,0x11111123,0x11111123,0x11111123,0x11111123,
  0x33333333,0x22222223,0x11111123,0x11111123,0x11111123,0x11111123,0x11111123,0x11111123,
  0x33333333,0x22222223,0x11111123,0x11111123,0x13131123,0x11111123,0x11111123,0x11111123,
  0x33333333,0x22222223,0x11111123,0x11111123,0x13111323,0x11111123,0x11311123,0x11111123,
  0x33333333,0x22222223,0x11111123,0x11111123,0x11133123,0x11111123,0x11311323,0x11111123,
  0x33333333,0x22222223,0x11111123,0x11111123,0x11111123,0x11111123,0x41111123,0x14111123,
  0x33333333,0x22222223,0x11111123,0x11114123,0x11111443,0x11111124,0x11111124,0x31111123,
  0x34333333,0x22422223,0x11144123,0x31111123,0x11111123,0x11111123,0x11311123,0x11111323,
  0x33333333,0x22222223,0x31311123,0x11111123,0x11131123,0x11111123,0x31111123,0x11111123,
  0x33333333,0x22555523,0x11155123,0x11111123,0x11111123,0x31555523,0x11111123,0x11131123,
  0x33333333,0x25522223,0x11111123,0x11111123,0x11111123,0x11111123,0x11113553,0x11311123,
  0x53333333,0x52552223,0x11111123,0x11111123,0x11115523,0x15511123,0x13155323,0x11111123,
  0x33333335,0x22222225,0x11111123,0x11111123,0x11111123,0x11111123,0x31111123,0x11111123,
  0x33333333,0x22222223,0x31111123,0x11111123,0x11111123,0x11116123,0x11161123,0x66611123,
  0x33333333,0x22222223,0x11111123,0x11111123,0x11111123,0x31111163,0x11111126,0x11111123,
  0x63633333,0x22262223,0x11111123,0x11131123,0x11111123,0x11111123,0x11111323,0x11111123,
  0x33333333,0x22222226,0x11166623,0x11164623,0x11166623,0x11111123,0x11111123,0x11111123,
  0x33333333,0x22222223,0x11111123,0x81111123,0x84441123,0x81141123,0x81141123,0x98888123,
  0x33333333,0x22222223,0x11111123,0x11111128,0x11134448,0x11114118,0x11114118,0x11188889,
  0x98888333,0x81142223,0x81141123,0x84441123,0x81311323,0x11111123,0x11111123,0x11111123,
  0x33388889,0x22224118,0x11114118,0x11114448,0x11111128,0x11111123,0x11111123,0x11111123,
  0x33333333,0x22222223,0x11111123,0x11111123,0x11111123,0x11771123,0x11711123,0x11311123,
  0x33333333,0x22222223,0x11111123,0x11111123,0x11111123,0x11111123,0x11111123,0x11111323,
  0x33333333,0x22222223,0x11111123,0x11111123,0x11131123,0x11111123,0x11111123,0x31111123,
  0x33333333,0x22222223,0x31111773,0x11117723,0x11111123,0x11131123,0x11111123,0x11111123,
  0x77777777,0x55555565,0x55656655,0x55565555,0x55655556,0x55555556,0x55555555,0x55555555,
  0x77777777,0x55565555,0x56655555,0x55556565,0x55555555,0x55555655,0x55555555,0x55555555,
  0x55655555,0x55555555,0x55565655,0x55555555,0x55565555,0x65555655,0x55555556,0x65655655,
  0x55555655,0x55555556,0x55655555,0x55555565,0x55556655,0x55555655,0x55555566,0x55555555,
  0x22222222,0x11111114,0x11111114,0x11111114,0x44444444,0x22242222,0x13141131,0x11141131,
  0x22222222,0x11111114,0x11111114,0x11111114,0x44444444,0x22242222,0x11141111,0x11141111,
  0x11143111,0x44444444,0x22222224,0x11311114,0x11111114,0x11311114,0x44444444,0x44444444,
  0x11141111,0x44444444,0x22222224,0x13111114,0x11111114,0x11111114,0x44444444,0x44444444,
  0x22222222,0x11111114,0x11111114,0x11117814,0x44448444,0x22242222,0x13141131,0x11141131,
  0x11178111,0x44784444,0x22222224,0x13111114,0x11111114,0x11111114,0x44444444,0x44444444,
  0x22222222,0x11111114,0x11111114,0x11111114,0x22244444,0xbb242222,0xba241131,0xbb241131,
  0x22222222,0x11111114,0x11111114,0x11111114,0x44444222,0x222422bb,0x111412ab,0x111412bb,
  0xab243111,0x22244444,0x22222224,0x11311114,0x11111114,0x11311114,0x44444444,0x44444444,
  0x111412ba,0x44444222,0x22222224,0x13111114,0x11111114,0x11111114,0x44444444,0x44444444,
  0x22222222,0x51111114,0x61111114,0x65111114,0x75444444,0x75242222,0x75141131,0x55441131,
  0x22222222,0x11111114,0x11111116,0x11111156,0x44444457,0x22242257,0x11141157,0x11141455,
  0x44443111,0x44444444,0x42222224,0x41311114,0x41111114,0x41311114,0x44444444,0x44444444,
  0x11141444,0x44444444,0x22222224,0x13111114,0x11111114,0x11111114,0x44444444,0x44444444,
  0x22222222,0x22222222,0x11121122,0x55556522,0x44444422,0x11121122,0x11121122,0x11121122,
  0x22222222,0x22222222,0x12111121,0x55565555,0x44444444,0x12111121,0x66611121,0x66611121,
  0x11121122,0x11121122,0x11121122,0x55556522,0x44444422,0x11121122,0x11121122,0x11121122,
  0x62611121,0x66611121,0x66611121,0x55565555,0x44444444,0x12111121,0x12111121,0x12111121,
  0x22222222,0x22222222,0x11121111,0x55556555,0x44444444,0x11121111,0x11121666,0x11121666,
  0x22222222,0x22222222,0x22111121,0x22565555,0x22444444,0x22111121,0x22111121,0x22111121,
  0x11121626,0x11121666,0x11121666,0x55556555,0x44444444,0x11121111,0x11121111,0x11121111,
  0x22111121,0x22111121,0x22111121,0x22565555,0x22444444,0x22111121,0x22111121,0x22111121,
  0x33333333,0x22222223,0x11111123,0x11111123,0x77111123,0x55771123,0x55557123,0x55555723,
  0x33333333,0x22222223,0x11111123,0x11111123,0x13131177,0x11117755,0x11175555,0x11755555,
  0x55555733,0x55555473,0x55555473,0x55554723,0x55444723,0x44447123,0x64771123,0x77111123,
  0x33755555,0x27665555,0x17666555,0x11766655,0x11766665,0x11176666,0x11317766,0x11111177,
  0x33333333,0x77777223,0x44447123,0x55547123,0x65547123,0x65547123,0x66647123,0x66647123,
  0x33333333,0x22277777,0x11174444,0x11174555,0x11174556,0x11174556,0x11174666,0x31174666,
  0x65547333,0x65547223,0x65547123,0x65547123,0x55547123,0x66667123,0x77777123,0x11111323,
  0x33374556,0x22274556,0x31374556,0x11174556,0x11174555,0x11176666,0x31177777,0x11111123,
  0x33333333,0x22222223,0x11111123,0x11111123,0xbbbbbb23,0x9bbbbb23,0x9bbbbc23,0x9bbbbc23,
  0x33333333,0x22222223,0x11111123,0x11111123,0x11bbbbbb,0x11bbbbb9,0x11cbbbb9,0x11cbbbb9,
  0xabbbbc33,0x9bbbbc23,0x9bbbbc23,0x9bbbbc23,0x9bbbbc23,0x9ccccc23,0x13111323,0x11111123,
  0x33cbbbba,0x22cbbbb9,0x11cbbbb9,0x11cbbbb9,0x11cbbbb9,0x11ccccc9,0x31111123,0x11111123,
  0x33333333,0xbbbbbb23,0xbbbbbb23,0xcccccc23,0x11111123,0x31311123,0xdddddc23,0xdddddc23,
  0x33333333,0x22bbbbbb,0x11bbbbbb,0x11cccccc,0x11111123,0x11111123,0x11cddddd,0x11cddddd,
  0xdd9ddc33,0xdddddc23,0x9bbbbc23,0x9bbbbc23,0x9bbbbc23,0x9ccccc23,0x13111323,0x11111123,
  0x33cdd9d9,0x22cddddd,0x11cbbbb9,0x11cbbbb9,0x11cbbbb9,0x11ccccc9,0x31111123,0x11111123,
  0x33333333,0x22222223,0x11111113,0x11111113,0x33333333,0x22222223,0x22222223,0x33333333,
  0x33333333,0x22222223,0x11111111,0x11111111,0x13333333,0x32222222,0x12222222,0x13333333,
  0x11111113,0x11111113,0x33333333,0x22222223,0x22222223,0x33333333,0x11111113,0x11111113,
  0x31111111,0x21111111,0x13333333,0x12222222,0x12222222,0x13333333,0x11111111,0x11111111,
  0x33333333,0x22222223,0x44411123,0x44441123,0x55541123,0x77541123,0x55541123,0x77541123,
  0x33333333,0x22222223,0x11111444,0x13114444,0x11116555,0x11116577,0x11116555,0x11316577,
  0x55543333,0x77542223,0x55541123,0x55541123,0x44443123,0x11111123,0x11111123,0x11111123,
  0x33336555,0x22226577,0x13116555,0x11136555,0x11116444,0x11111123,0x11131123,0x11111123,
  0x55555788,0x55565788,0x55555788,0x55555788,0x55555788,0x55565788,0x55655788,0x55555788,
  0x65556555,0x55565555,0x55555555,0x56555555,0x55556555,0x55555555,0x55655565,0x55555555,
  0x55555788,0x55555788,0x55555788,0x56555788,0x65556788,0x55555788,0x55555788,0x55555788,
  0x65555555,0x55555556,0x55555555,0x55555555,0x55555555,0x55565555,0x55555555,0x56555555,
  0x55555555,0x55565555,0x55555555,0x55555655,0x55555555,0x55565555,0x55655555,0x55555555,
  0x55555555,0x55555555,0x55555555,0x56555555,0x65556555,0x55555555,0x55555555,0x55555555,
  0x88756555,0x88765555,0x88755555,0x88755555,0x88756555,0x88755555,0x88755565,0x88755555,
  0x88755555,0x88755556,0x88755555,0x88755555,0x88755555,0x88765555,0x88755555,0x88755555,
  0x33333333,0xbb222223,0xbba11123,0xbba91123,0xbba91123,0xbba91123,0xbba91123,0xaaa91123,
  0x33333333,0x222222bb,0x11111abb,0x11119abb,0x11139abb,0x11119abb,0x11119abb,0x11119aaa,
  0x99993333,0xccc62223,0x77761123,0x77711123,0x77711323,0x66661123,0x66661123,0x11111123,
  0x33339999,0x22226ccc,0x11116777,0x11111777,0x11111777,0x11116666,0x11116666,0x11111123,
};

const u16 ts_dungeon_pal[192] = {
  0x0000,0x394a,0x458c,0x2ce7,0x1c84,0x2987,0x677c,0x188e,0x7194,0x7ebb,0x24a5,0x51ef,0x4d31,0x3529,0x1463,0x0000,
  0x0000,0x3d6d,0x4df1,0x2ce9,0x1c85,0x1864,0x20a6,0x2ce8,0x2588,0x320b,0x2214,0x1043,0x45af,0x24a7,0x5633,0x0000,
  0x0000,0x3d6d,0x4df1,0x2ce9,0x1c85,0x2214,0x119d,0x129f,0x43df,0x0cda,0x1043,0x352b,0x112e,0x63df,0x24a7,0x0000,
  0x0000,0x152f,0x1db3,0x08a9,0x1c85,0x5a94,0x41ad,0x233e,0x0df5,0x1043,0x2a38,0x0c87,0x394a,0x2ce7,0x7ebb,0x0000,
  0x0000,0x394a,0x458c,0x2ce7,0x1c84,0x5a94,0x6f39,0x41ad,0x3529,0x677c,0x233e,0x0df5,0x1551,0x0ccb,0x1463,0x7194,
  0x0000,0x394a,0x458c,0x2ce7,0x1c84,0x1cb4,0x291a,0x146e,0x233e,0x0df5,0x119d,0x1b1f,0x43df,0x1463,0x535f,0x34e9,
  0x0000,0x0000,0x0000,0x0000,0x0000,0x0000,0x0000,0x0000,0x0000,0x0000,0x0000,0x0000,0x0000,0x0000,0x0000,0x0000,
  0x0000,0x0000,0x0000,0x0000,0x0000,0x0000,0x0000,0x0000,0x0000,0x0000,0x0000,0x0000,0x0000,0x0000,0x0000,0x0000,
  0x0000,0x0000,0x0000,0x0000,0x0000,0x0000,0x0000,0x0000,0x0000,0x0000,0x0000,0x0000,0x0000,0x0000,0x0000,0x0000,
  0x0000,0x0000,0x0000,0x0000,0x0000,0x0000,0x0000,0x0000,0x0000,0x0000,0x0000,0x0000,0x0000,0x0000,0x0000,0x0000,
  0x0000,0x0000,0x0000,0x0000,0x0000,0x0000,0x0000,0x0000,0x0000,0x0000,0x0000,0x0000,0x0000,0x0000,0x0000,0x0000,
  0x0000,0x0000,0x0000,0x0000,0x0000,0x0000,0x0000,0x0000,0x0000,0x0000,0x0000,0x0000,0x0000,0x0000,0x0000,0x0000,
};

const u16 ts_dungeon_meta[96] = {
  0x0001,0x0002,0x0003,0x0004,0x0005,0x0006,0x0007,0x0008,0x0009,0x000a,0x000b,0x000c,
  0x000d,0x000e,0x000f,0x0010,0x0011,0x0012,0x0013,0x0014,0x0015,0x0016,0x0017,0x0018,
  0x0019,0x001a,0x001b,0x001c,0x101d,0x101e,0x101f,0x1020,0x1021,0x1022,0x1023,0x1024,
  0x1025,0x1022,0x1023,0x1026,0x2027,0x2028,0x2029,0x202a,0x202b,0x202c,0x202d,0x202e,
  0x302f,0x3030,0x3031,0x3032,0x3033,0x3034,0x3035,0x3036,0x4037,0x4038,0x4039,0x403a,
  0x403b,0x403c,0x403d,0x403e,0x403f,0x4040,0x4041,0x4042,0x4043,0x4044,0x4045,0x4046,
  0x0047,0x0048,0x0049,0x004a,0x404b,0x404c,0x404d,0x404e,0x504f,0x5050,0x5051,0x5052,
  0x5053,0x5050,0x5054,0x5052,0x5053,0x5055,0x5054,0x5056,0x5057,0x5058,0x5059,0x505a,
};

const u8 ts_dungeon_flags[24] = {
  0,0,0,0,0,0,0,1,1,1,1,1,33,33,1,1,9,1,0,17,0,0,0,1,
};

const u8 ts_dungeon_cycles[4] = {
  2,5,3,6,
};

const Tileset tilesets[2] = {
  { ts_outdoor_tiles, 209, ts_outdoor_pal, ts_outdoor_meta, ts_outdoor_flags, 155, ts_outdoor_cycles, 2, 16 },
  { ts_dungeon_tiles, 91, ts_dungeon_pal, ts_dungeon_meta, ts_dungeon_flags, 24, ts_dungeon_cycles, 1, 17 },
};
const u8 map_village_g[1024] = {
  9,7,7,9,7,7,9,7,7,9,7,7,9,7,7,9,7,7,9,7,7,9,7,7,9,7,7,9,7,7,9,7,
  7,7,9,7,7,9,7,7,9,7,7,9,7,7,9,7,7,9,7,7,9,7,7,9,7,7,9,7,7,9,7,7,
  7,9,1,3,1,1,3,0,0,1,1,1,0,4,0,1,3,1,0,0,0,0,0,0,0,1,1,1,1,0,7,9,
  9,7,1,1,0,1,0,1,2,0,1,1,0,0,0,5,11,2,1,1,0,1,4,2,1,5,3,0,1,1,9,7,
  7,7,0,1,18,22,22,22,26,0,2,3,0,1,0,1,1,10,4,3,0,2,20,24,24,24,28,0,2,1,7,7,
  7,9,0,0,19,23,23,23,27,0,3,0,0,0,0,2,1,1,3,1,0,0,21,25,25,25,29,1,2,3,7,9,
  9,7,1,0,31,32,33,32,31,1,4,0,4,3,1,1,0,0,0,1,11,2,31,32,33,32,31,5,1,5,9,7,
  7,7,1,0,0,0,54,1,5,0,0,2,1,1,0,3,3,2,4,0,0,0,3,1,54,0,0,0,1,4,7,7,
  7,9,3,2,2,0,55,2,0,1,0,3,0,1,1,1,1,0,3,4,1,5,3,0,55,1,0,1,0,3,7,9,
  9,7,0,4,0,0,56,0,0,5,3,3,10,0,10,1,3,11,2,0,4,10,2,1,57,0,1,2,10,1,9,7,
  7,7,1,3,1,3,58,59,60,60,60,60,60,60,60,60,60,60,60,60,60,60,60,61,62,59,63,0,1,2,7,7,
  7,9,0,7,1,10,64,65,66,67,68,68,68,68,68,68,68,68,68,68,68,68,69,70,65,65,71,0,1,1,7,9,
  9,7,0,4,0,0,1,0,0,34,37,40,72,72,72,72,72,72,72,72,72,72,73,2,0,1,3,1,3,3,9,7,
  7,7,0,0,2,7,3,3,2,35,38,41,72,72,72,72,72,72,72,72,72,72,74,1,4,2,2,14,3,0,2,1,
  7,9,0,0,2,1,1,0,1,36,39,42,72,72,72,72,72,72,72,72,72,72,75,59,60,60,61,62,59,60,60,61,
  9,7,3,5,1,11,2,0,0,76,72,72,72,72,72,72,72,72,72,72,72,72,77,70,65,65,65,65,65,65,65,66,
  7,7,1,3,0,0,1,0,0,76,72,72,72,72,72,43,44,72,72,72,72,72,73,0,1,3,0,3,0,0,1,0,
  7,9,0,0,0,10,3,0,2,76,72,72,72,72,72,45,46,72,72,72,72,72,78,3,0,3,0,2,7,1,7,9,
  9,7,0,3,1,0,1,0,0,76,72,72,72,72,72,72,72,72,72,72,72,72,78,4,4,0,3,2,0,0,9,7,
  7,7,1,3,3,0,1,4,0,76,72,72,72,72,72,72,72,72,72,72,72,72,78,0,1,1,3,15,3,0,7,7,
  7,9,0,12,12,12,12,12,0,79,80,80,80,80,81,82,77,83,80,80,80,80,84,1,1,4,1,10,1,1,7,9,
  9,7,0,3,3,3,2,0,0,0,2,0,3,3,1,85,73,1,0,3,0,1,2,12,12,12,1,12,12,12,9,7,
  7,7,0,3,20,24,24,28,0,10,1,1,1,0,1,76,78,1,3,0,7,1,4,0,3,1,0,0,0,3,7,7,
  7,9,0,4,21,25,25,29,1,0,2,1,3,14,0,86,87,1,0,0,1,0,0,1,18,22,22,22,26,2,7,9,
  9,7,1,1,31,33,30,31,2,0,5,0,0,10,3,86,87,0,0,0,4,3,10,0,19,23,23,23,27,1,9,7,
  7,7,0,0,88,89,89,90,0,1,1,0,1,0,0,86,87,0,10,3,7,1,2,0,31,32,33,32,31,1,7,7,
  7,9,1,91,92,93,93,94,95,0,1,2,0,0,0,86,87,1,0,1,0,1,0,2,3,4,1,3,3,0,7,9,
  9,7,5,96,93,93,93,93,97,4,0,2,1,1,1,86,87,0,3,2,0,4,2,0,0,0,1,2,4,3,9,7,
  7,7,0,98,99,93,93,100,101,0,0,1,1,1,11,86,87,3,10,1,3,3,2,10,1,1,7,1,1,1,7,7,
  7,9,3,1,102,103,103,104,0,1,1,0,0,1,4,86,87,1,0,3,2,1,0,0,0,1,0,1,1,1,7,9,
  9,7,7,9,7,7,9,7,7,9,7,7,9,7,7,64,71,7,9,7,7,9,7,7,9,7,7,9,7,7,9,7,
  7,7,9,7,7,9,7,7,9,7,7,9,7,7,9,7,7,9,7,7,9,7,7,9,7,7,9,7,7,9,7,7,
};

const u8 map_village_o[1024] = {
  6,6,8,6,6,8,6,6,8,6,6,8,6,6,8,6,6,8,6,6,8,6,6,8,6,6,8,6,6,8,6,6,
  6,8,0,0,0,0,0,0,0,0,0,0,0,0,0,0,0,0,0,0,0,0,0,0,0,0,0,0,0,0,6,8,
  8,6,0,0,0,0,0,0,0,0,0,0,0,0,0,0,0,0,0,0,0,0,0,0,0,0,0,0,0,0,8,6,
  6,6,0,0,0,0,0,0,0,0,0,0,0,0,0,0,0,0,0,0,0,0,0,0,0,0,0,0,0,0,6,6,
  6,8,0,0,0,0,0,0,0,0,0,0,0,0,0,0,0,0,0,0,0,0,0,0,0,0,0,0,0,0,6,8,
  8,6,0,0,0,0,0,0,0,0,0,0,0,0,0,0,0,0,0,0,0,0,0,0,0,0,0,0,0,0,8,6,
  6,6,0,0,0,0,0,0,0,0,0,0,0,0,0,0,0,0,0,0,0,0,0,0,0,0,0,0,0,0,6,6,
  6,8,0,0,0,0,0,0,0,0,0,0,0,0,0,0,0,0,0,0,0,0,0,0,0,0,0,0,0,0,6,8,
  8,6,0,0,0,0,0,0,0,0,0,0,0,0,0,0,0,0,0,0,0,0,0,0,0,0,0,0,0,0,8,6,
  6,6,0,0,0,0,0,0,0,0,0,0,0,0,0,0,0,0,0,0,0,0,0,0,0,0,0,0,0,0,6,6,
  6,8,0,6,0,0,0,0,0,0,0,0,0,0,0,0,0,0,0,0,0,0,0,0,0,0,0,0,0,0,6,8,
  8,6,0,0,0,0,0,0,0,0,0,0,0,0,0,0,0,0,0,0,0,0,0,0,0,0,0,0,0,0,8,6,
  6,6,0,0,0,6,0,0,0,0,0,0,0,0,0,0,0,0,0,0,0,0,0,0,0,0,0,0,0,0,0,0,
  6,8,0,0,0,0,0,0,0,0,0,0,0,0,0,0,0,0,0,0,0,0,0,0,0,0,0,0,0,0,0,0,
  8,6,0,0,0,0,0,0,0,0,0,0,0,0,0,0,0,0,0,0,0,0,0,0,0,0,0,0,0,0,0,0,
  6,6,0,0,0,0,0,0,0,0,0,0,0,0,0,0,0,0,0,0,0,0,0,0,0,0,0,0,0,0,0,0,
  6,8,0,0,0,0,0,0,0,0,0,0,0,0,0,0,0,0,0,0,0,0,0,0,0,0,0,0,6,0,6,8,
  8,6,0,0,0,0,0,0,0,0,0,0,0,0,0,0,0,0,0,0,0,0,0,0,0,0,0,0,0,0,8,6,
  6,6,0,0,0,0,0,0,0,0,0,0,0,0,0,0,0,0,0,0,0,0,0,0,0,0,0,0,0,0,6,6,
  6,8,0,0,0,0,0,0,0,0,0,0,0,0,0,0,0,0,0,0,0,0,0,0,0,0,0,0,0,0,6,8,
  8,6,0,0,0,0,0,0,0,0,0,0,0,0,0,0,0,0,0,0,0,0,0,0,0,0,0,0,0,0,8,6,
  6,6,0,0,0,0,0,0,0,0,0,0,0,0,0,0,0,0,0,0,6,0,0,0,0,0,0,0,0,0,6,6,
  6,8,0,0,0,0,0,0,0,0,0,0,0,0,0,0,0,0,0,0,0,0,0,0,0,0,0,0,0,0,6,8,
  8,6,0,0,0,0,0,0,0,0,0,0,0,0,0,0,0,0,0,0,0,0,0,0,0,0,0,0,0,0,8,6,
  6,6,0,0,0,0,0,0,0,0,0,0,0,0,0,0,0,0,0,0,6,0,0,0,0,0,0,0,0,0,6,6,
  6,8,0,0,0,0,0,0,0,0,0,0,0,0,0,0,0,0,0,0,0,0,0,0,0,0,0,0,0,0,6,8,
  8,6,0,0,0,0,0,0,0,0,0,0,0,0,0,0,0,0,0,0,0,0,0,0,0,0,0,0,0,0,8,6,
  6,6,0,0,0,0,0,0,0,0,0,0,0,0,0,0,0,0,0,0,0,0,0,0,0,0,6,0,0,0,6,6,
  6,8,0,0,0,0,0,0,0,0,0,0,0,0,0,0,0,0,0,0,0,0,0,0,0,0,0,0,0,0,6,8,
  8,6,6,8,6,6,8,6,6,8,6,6,8,6,6,0,0,6,8,6,6,8,6,6,8,6,6,8,6,6,8,6,
  6,6,8,6,6,8,6,6,8,6,6,8,6,6,8,6,6,8,6,6,8,6,6,8,6,6,8,6,6,8,6,6,
  0,0,0,0,0,0,0,0,0,0,0,0,0,0,0,0,0,0,0,0,0,0,0,0,0,0,0,0,0,0,0,0,
};

static const SpawnDef sp_village[] = {{0,0,0,0}};
static const NpcDef np_village[] = {{NPC_ELDER,6,9,0},{NPC_MERCHANT,10,13,0},{NPC_HEALER,24,8,0}};
static const ChestDef ch_village[] = {{27,19,ITEM_POTION,3,0}};
static const WarpDef wp_village[] = {{31,13,31,16,1,1,15,3}};
static const SignDef sg_village[] = {{27,13,"EAST: WHISPERING WOODS. BEWARE OF WOLVES."},{13,23,"WELCOME TO EMBERVALE VILLAGE. ELDER MAREN WAITS NEAR THE NORTH HOUSE."}};
const u8 map_forest_g[1024] = {
  9,9,9,9,9,9,9,9,9,9,9,9,9,9,9,9,9,9,9,9,9,9,9,9,9,9,9,9,9,9,9,9,
  9,9,9,9,9,9,9,9,9,9,9,9,9,47,48,49,9,9,9,9,9,9,9,9,9,9,9,9,9,9,9,9,
  9,9,0,4,9,0,0,0,0,9,9,3,0,50,51,52,2,1,3,9,9,3,9,0,0,3,9,7,9,9,9,9,
  9,9,7,9,9,0,1,9,9,9,3,9,0,105,106,107,0,1,7,1,7,7,7,1,1,9,3,9,1,9,9,9,
  9,9,9,0,1,0,9,1,9,9,3,4,3,108,109,107,0,1,9,2,1,0,9,1,0,9,0,9,9,0,9,9,
  9,9,0,0,1,3,0,7,1,0,9,9,14,0,110,107,3,0,7,0,9,0,2,0,0,11,9,10,9,1,9,9,
  9,9,5,7,0,0,7,0,1,9,7,0,1,1,105,107,1,0,1,1,1,1,9,0,0,1,1,10,9,9,9,9,
  9,9,9,11,9,9,1,9,7,3,7,1,1,0,111,107,0,1,9,10,0,0,0,1,0,0,0,5,4,9,9,9,
  9,9,1,3,0,9,9,0,0,7,0,1,0,112,113,114,0,1,7,0,1,5,3,0,3,15,1,9,7,3,9,9,
  9,9,9,1,1,3,1,9,3,9,1,0,0,111,115,10,3,4,1,0,3,0,3,1,4,116,117,0,9,3,9,9,
  9,9,1,2,1,0,0,0,2,0,2,3,112,113,114,0,0,0,9,4,0,0,1,0,0,111,107,11,9,9,9,9,
  9,9,9,3,3,2,3,9,0,0,11,3,105,115,0,0,1,9,1,0,3,0,0,1,112,113,114,0,0,0,9,9,
  9,9,0,1,15,1,0,1,0,3,1,0,111,107,1,1,0,0,9,9,1,0,1,0,105,115,0,0,3,0,9,9,
  9,9,2,4,10,1,0,3,1,2,1,118,119,120,10,1,2,9,1,0,0,1,1,5,111,107,1,3,0,0,9,9,
  1,2,0,2,1,14,3,3,121,122,123,113,124,125,126,127,4,3,0,3,3,121,122,123,113,114,1,1,9,1,9,9,
  126,122,122,122,123,128,126,123,119,129,130,131,1,132,133,125,126,127,0,0,118,113,130,134,131,0,1,0,7,7,9,9,
  130,134,134,134,134,134,134,133,109,115,0,1,5,0,1,132,133,125,126,123,113,135,136,137,137,138,0,0,1,9,9,9,
  9,9,1,0,3,11,1,1,110,107,0,2,0,3,2,1,0,132,134,134,131,139,140,141,141,142,143,2,1,1,9,9,
  9,9,3,4,0,3,1,0,111,107,0,2,4,0,1,3,1,9,0,0,0,144,141,141,141,141,145,0,0,0,9,9,
  9,9,2,10,0,0,2,112,113,114,0,1,5,1,9,1,3,4,1,1,1,144,141,141,141,141,145,3,4,3,9,9,
  9,9,9,3,3,11,0,105,115,0,1,0,0,9,0,1,3,1,1,0,0,146,147,141,141,148,149,4,0,3,9,9,
  9,9,9,2,1,10,10,105,107,1,0,1,1,1,0,3,1,4,9,0,0,3,150,151,151,152,3,0,0,9,9,9,
  9,9,7,2,3,0,0,105,107,10,1,9,0,3,0,9,4,0,0,0,0,4,3,0,3,0,11,1,0,2,9,9,
  9,9,9,0,1,0,1,111,107,10,0,1,9,9,9,9,9,1,7,9,1,9,9,10,1,1,4,1,5,7,9,9,
  9,9,0,0,4,3,112,113,114,1,4,0,9,3,1,9,5,3,5,9,4,5,9,1,10,4,0,1,1,0,9,9,
  9,9,1,10,0,0,105,115,0,0,0,1,1,7,0,7,1,0,0,9,9,9,0,0,1,3,2,15,11,1,9,9,
  9,9,0,0,3,3,15,107,4,0,0,1,9,1,10,0,0,9,0,1,9,7,3,3,1,0,4,2,5,9,9,9,
  9,9,9,2,3,1,153,154,9,1,1,0,1,3,2,9,0,9,9,0,3,9,9,2,2,3,0,2,10,1,9,9,
  9,9,1,3,4,4,4,9,0,0,2,0,9,9,9,7,9,0,9,0,9,1,0,0,3,0,1,1,0,9,9,9,
  9,9,7,9,3,0,9,9,7,7,9,9,0,1,1,9,0,9,1,9,9,7,3,3,0,1,0,9,9,1,9,9,
  9,9,9,9,9,9,9,9,9,9,9,9,9,9,9,9,9,9,9,9,9,9,9,9,9,9,9,9,9,9,9,9,
  9,9,9,9,9,9,9,9,9,9,9,9,9,9,9,9,9,9,9,9,9,9,9,9,9,9,9,9,9,9,9,9,
};

const u8 map_forest_o[1024] = {
  8,8,8,8,8,8,8,8,8,8,8,8,8,0,0,0,8,8,8,8,8,8,8,8,8,8,8,8,8,8,8,8,
  8,8,0,0,8,0,0,0,0,8,8,0,0,0,0,0,0,0,0,8,8,0,8,0,0,0,8,6,8,8,8,8,
  8,8,6,8,8,0,0,8,8,8,0,8,0,0,0,0,0,0,6,0,6,6,6,0,0,8,0,8,0,8,8,8,
  8,8,8,0,0,0,8,0,8,8,0,0,0,0,0,0,0,0,8,0,0,0,8,0,0,8,0,8,8,0,8,8,
  8,8,0,0,0,0,0,6,0,0,8,8,0,0,0,0,0,0,6,0,8,0,0,0,0,0,8,0,8,0,8,8,
  8,8,0,6,0,0,6,0,0,8,6,0,0,0,0,0,0,0,0,0,0,0,8,0,0,0,0,0,8,8,8,8,
  8,8,8,0,8,8,0,8,6,0,6,0,0,0,0,0,0,0,8,0,0,0,0,0,0,0,0,0,0,8,8,8,
  8,8,0,0,0,8,8,0,0,6,0,0,0,0,0,0,0,0,6,0,0,0,0,0,0,0,0,8,6,0,8,8,
  8,8,8,0,0,0,0,8,0,8,0,0,0,0,0,0,0,0,0,0,0,0,0,0,0,0,0,0,8,0,8,8,
  8,8,0,0,0,0,0,0,0,0,0,0,0,0,0,0,0,0,8,0,0,0,0,0,0,0,0,0,8,8,8,8,
  8,8,8,0,0,0,0,8,0,0,0,0,0,0,0,0,0,8,0,0,0,0,0,0,0,0,0,0,0,0,8,8,
  8,8,0,0,0,0,0,0,0,0,0,0,0,0,0,0,0,0,8,8,0,0,0,0,0,0,0,0,0,0,8,8,
  8,8,0,0,0,0,0,0,0,0,0,0,0,0,0,0,0,8,0,0,0,0,0,0,0,0,0,0,0,0,8,8,
  0,0,0,0,0,0,0,0,0,0,0,0,0,0,0,0,0,0,0,0,0,0,0,0,0,0,0,0,8,0,8,8,
  0,0,0,0,0,0,0,0,0,0,0,0,0,0,0,0,0,0,0,0,0,0,0,0,0,0,0,0,6,6,8,8,
  0,0,0,0,0,0,0,0,0,0,0,0,0,0,0,0,0,0,0,0,0,0,0,0,0,0,0,0,0,8,8,8,
  8,8,0,0,0,0,0,0,0,0,0,0,0,0,0,0,0,0,0,0,0,0,0,0,0,0,0,0,0,0,8,8,
  8,8,0,0,0,0,0,0,0,0,0,0,0,0,0,0,0,8,0,0,0,0,0,0,0,0,0,0,0,0,8,8,
  8,8,0,0,0,0,0,0,0,0,0,0,0,0,8,0,0,0,0,0,0,0,0,0,0,0,0,0,0,0,8,8,
  8,8,8,0,0,0,0,0,0,0,0,0,0,8,0,0,0,0,0,0,0,0,0,0,0,0,0,0,0,0,8,8,
  8,8,8,0,0,0,0,0,0,0,0,0,0,0,0,0,0,0,8,0,0,0,0,0,0,0,0,0,0,8,8,8,
  8,8,6,0,0,0,0,0,0,0,0,8,0,0,0,8,0,0,0,0,0,0,0,0,0,0,0,0,0,0,8,8,
  8,8,8,0,0,0,0,0,0,0,0,0,8,8,8,8,8,0,6,8,0,8,8,0,0,0,0,0,0,6,8,8,
  8,8,0,0,0,0,0,0,0,0,0,0,8,0,0,8,0,0,0,8,0,0,8,0,0,0,0,0,0,0,8,8,
  8,8,0,0,0,0,0,0,0,0,0,0,0,6,0,6,0,0,0,8,8,8,0,0,0,0,0,0,0,0,8,8,
  8,8,0,0,0,0,0,0,0,0,0,0,8,0,0,0,0,8,0,0,8,6,0,0,0,0,0,0,0,8,8,8,
  8,8,8,0,0,0,0,0,8,0,0,0,0,0,0,8,0,8,8,0,0,8,8,0,0,0,0,0,0,0,8,8,
  8,8,0,0,0,0,0,8,0,0,0,0,8,8,8,6,8,0,8,0,8,0,0,0,0,0,0,0,0,8,8,8,
  8,8,6,8,0,0,8,8,6,6,8,8,0,0,0,8,0,8,0,8,8,6,0,0,0,0,0,8,8,0,8,8,
  8,8,8,8,8,8,8,8,8,8,8,8,8,8,8,8,8,8,8,8,8,8,8,8,8,8,8,8,8,8,8,8,
  8,8,8,8,8,8,8,8,8,8,8,8,8,8,8,8,8,8,8,8,8,8,8,8,8,8,8,8,8,8,8,8,
  0,0,0,0,0,0,0,0,0,0,0,0,0,0,0,0,0,0,0,0,0,0,0,0,0,0,0,0,0,0,0,0,
};

static const SpawnDef sp_forest[] = {{EN_SLIME,5,12,0},{EN_SLIME,8,18,0},{EN_SLIME,10,11,0},{EN_SLIME,6,20,0},{EN_SLIME,11,17,0},{EN_BAT,16,17,0},{EN_BAT,20,14,0},{EN_BAT,14,20,0},{EN_BAT,22,10,0},{EN_BAT,18,9,0},{EN_WOLF,8,25,0},{EN_WOLF,5,24,0},{EN_WOLF,24,8,0},{EN_WOLF,13,7,0}};
static const NpcDef np_forest[] = {{0,0,0,0}};
static const ChestDef ch_forest[] = {{25,8,CH_WEAPON2,1,1},{6,26,ITEM_CRYPT_KEY,1,2},{27,25,ITEM_ETHER,2,3},{4,12,ITEM_CHARM_VIGOR,1,4}};
static const WarpDef wp_forest[] = {{0,14,0,16,0,28,15,2},{14,2,14,2,2,15,29,1}};
static const SignDef sg_forest[] = {{5,14,"WHISPERING WOODS. THE CRYPT LIES NORTH. A CRYPT KEY IS SAID TO REST IN THE SOUTHWEST."},{12,5,"HOLLOW CRYPT. ONLY THE BRAVE RETURN."}};
const u8 map_crypt_g[1024] = {
  7,7,7,7,7,7,7,7,7,7,7,7,7,7,7,7,7,7,7,7,7,7,7,7,7,7,7,7,7,7,7,7,
  7,7,7,7,7,7,7,9,8,10,8,8,8,8,8,8,8,8,8,8,8,8,10,8,8,7,7,7,7,7,7,7,
  7,7,7,7,7,7,7,1,1,0,1,0,1,0,1,1,1,1,1,1,1,0,0,1,0,7,7,7,7,7,7,7,
  7,7,7,7,7,7,7,1,0,0,1,23,0,1,20,21,21,22,0,1,23,0,0,1,1,7,7,7,7,7,7,7,
  7,7,7,7,7,7,7,1,1,14,0,0,1,1,20,21,21,22,0,1,1,1,14,0,1,7,7,7,7,7,7,7,
  7,7,7,7,7,7,7,0,1,1,1,1,1,1,20,21,21,22,1,1,0,1,1,1,1,7,7,7,7,7,7,7,
  7,7,7,7,7,7,7,1,1,0,1,1,5,5,20,21,21,22,5,5,1,0,1,1,1,7,7,7,7,7,7,7,
  7,7,7,7,7,7,7,1,1,0,1,1,5,5,20,21,21,22,5,5,0,1,1,0,1,7,7,7,7,7,7,7,
  7,7,7,7,7,7,7,0,1,14,1,1,1,1,20,21,21,22,0,1,0,0,14,1,1,7,7,7,7,7,7,7,
  7,7,7,7,7,7,7,0,0,1,0,1,1,0,20,21,21,22,1,0,1,1,0,1,1,7,7,7,7,7,7,7,
  7,7,7,7,7,7,7,1,0,1,0,1,1,0,20,21,21,22,1,0,1,1,1,0,1,7,7,7,7,7,7,7,
  7,7,7,7,7,7,7,7,7,7,7,7,7,7,7,21,21,7,7,7,7,7,7,7,7,7,7,7,7,7,7,7,
  7,7,7,7,7,7,7,7,7,7,7,7,7,7,7,21,21,7,7,7,7,7,7,7,7,7,7,7,7,7,7,7,
  7,7,7,7,7,7,10,8,11,8,8,8,9,11,8,12,13,8,11,8,8,8,8,11,8,8,7,7,7,7,7,7,
  7,7,7,7,7,7,0,1,1,1,6,1,0,1,1,1,1,0,0,2,1,1,1,4,1,0,7,7,7,7,7,7,
  7,8,11,8,8,7,0,16,15,4,1,0,1,0,2,0,0,1,1,0,1,0,1,15,0,0,7,10,8,11,9,7,
  7,1,0,1,1,7,0,0,6,14,1,2,6,14,0,1,0,4,14,1,1,0,14,0,1,1,7,0,1,1,1,7,
  7,0,16,1,0,7,0,3,0,2,1,0,1,1,1,0,0,4,0,0,0,1,1,1,0,0,7,0,0,16,1,7,
  7,3,1,0,1,8,4,6,0,1,0,1,0,1,6,1,3,6,0,1,1,0,1,1,0,0,8,1,2,1,1,7,
  7,0,1,1,0,0,3,4,0,3,1,0,4,1,1,4,3,2,1,0,0,2,1,2,1,0,1,1,0,6,0,7,
  7,1,1,0,1,1,0,4,1,0,1,0,6,2,0,1,0,0,0,0,1,4,1,0,1,2,1,0,1,1,4,7,
  7,0,6,1,1,7,0,0,2,1,0,0,0,0,1,0,0,1,2,1,3,1,1,1,6,0,7,1,1,0,2,7,
  7,1,1,0,3,7,0,0,0,14,0,1,0,14,4,1,1,0,14,6,1,0,14,0,0,1,7,3,1,6,0,7,
  7,7,7,7,7,7,2,0,1,0,1,1,0,4,1,1,1,0,0,0,2,1,1,0,1,1,7,7,7,7,7,7,
  7,7,7,7,7,7,1,1,0,4,0,6,0,1,0,0,0,0,1,2,4,2,6,1,0,0,7,7,7,7,7,7,
  7,7,7,7,7,7,7,7,7,7,7,7,7,7,1,0,1,0,7,7,7,7,7,7,7,7,7,7,7,7,7,7,
  7,7,7,7,7,7,7,7,7,7,7,8,11,10,0,1,0,4,8,11,8,7,7,7,7,7,7,7,7,7,7,7,
  7,7,7,7,7,7,7,7,7,7,7,2,0,1,0,1,1,1,4,1,0,7,7,7,7,7,7,7,7,7,7,7,
  7,7,7,7,7,7,7,7,7,7,7,1,16,0,0,1,0,0,0,1,0,7,7,7,7,7,7,7,7,7,7,7,
  7,7,7,7,7,7,7,7,7,7,7,0,4,0,19,1,1,1,1,1,0,7,7,7,7,7,7,7,7,7,7,7,
  7,7,7,7,7,7,7,7,7,7,7,1,1,0,0,18,18,1,1,3,0,7,7,7,7,7,7,7,7,7,7,7,
  7,7,7,7,7,7,7,7,7,7,7,7,7,7,7,7,7,7,7,7,7,7,7,7,7,7,7,7,7,7,7,7,
};

const u8 map_crypt_o[1024] = {
  0,0,0,0,0,0,0,0,0,0,0,0,0,0,0,0,0,0,0,0,0,0,0,0,0,0,0,0,0,0,0,0,
  0,0,0,0,0,0,0,0,0,0,0,0,0,0,0,0,0,0,0,0,0,0,0,0,0,0,0,0,0,0,0,0,
  0,0,0,0,0,0,0,0,0,0,0,0,0,0,0,0,0,0,0,0,0,0,0,0,0,0,0,0,0,0,0,0,
  0,0,0,0,0,0,0,0,0,0,0,0,0,0,0,0,0,0,0,0,0,0,0,0,0,0,0,0,0,0,0,0,
  0,0,0,0,0,0,0,0,0,0,0,0,0,0,0,0,0,0,0,0,0,0,0,0,0,0,0,0,0,0,0,0,
  0,0,0,0,0,0,0,0,0,0,0,0,0,0,0,0,0,0,0,0,0,0,0,0,0,0,0,0,0,0,0,0,
  0,0,0,0,0,0,0,0,0,0,0,0,0,0,0,0,0,0,0,0,0,0,0,0,0,0,0,0,0,0,0,0,
  0,0,0,0,0,0,0,0,0,0,0,0,0,0,0,0,0,0,0,0,0,0,0,0,0,0,0,0,0,0,0,0,
  0,0,0,0,0,0,0,0,0,0,0,0,0,0,0,0,0,0,0,0,0,0,0,0,0,0,0,0,0,0,0,0,
  0,0,0,0,0,0,0,0,0,0,0,0,0,0,0,0,0,0,0,0,0,0,0,0,0,0,0,0,0,0,0,0,
  0,0,0,0,0,0,0,0,0,0,0,0,0,0,0,0,0,0,0,0,0,0,0,0,0,0,0,0,0,0,0,0,
  0,0,0,0,0,0,0,0,0,0,0,0,0,0,0,0,0,0,0,0,0,0,0,0,0,0,0,0,0,0,0,0,
  0,0,0,0,0,0,0,0,0,0,0,0,0,0,0,0,0,0,0,0,0,0,0,0,0,0,0,0,0,0,0,0,
  0,0,0,0,0,0,0,0,0,0,0,0,0,0,0,0,0,0,0,0,0,0,0,0,0,0,0,0,0,0,0,0,
  0,0,0,0,0,0,0,0,0,0,0,0,0,0,0,0,0,0,0,0,0,0,0,0,0,0,0,0,0,0,0,0,
  0,0,0,0,0,0,0,0,0,0,0,0,0,0,0,0,0,0,0,0,0,0,0,0,0,0,0,0,0,0,0,0,
  0,0,0,0,0,0,0,0,0,0,0,0,0,0,0,0,0,0,0,0,0,0,0,0,0,0,0,0,0,0,0,0,
  0,0,0,0,0,0,0,0,0,0,0,0,0,0,0,0,0,0,0,0,0,0,0,0,0,0,0,0,0,0,0,0,
  0,0,0,0,0,0,0,0,0,0,0,0,0,0,0,0,0,0,0,0,0,0,0,0,0,0,0,0,0,0,0,0,
  0,0,0,0,0,0,0,0,0,0,0,0,0,0,0,0,0,0,0,0,0,0,0,0,0,0,0,0,0,0,0,0,
  0,0,0,0,0,0,0,0,0,0,0,0,0,0,0,0,0,0,0,0,0,0,0,0,0,0,0,0,0,0,0,0,
  0,0,0,0,0,0,0,0,0,0,0,0,0,0,0,0,0,0,0,0,0,0,0,0,0,0,0,0,0,0,0,0,
  0,0,0,0,0,0,0,0,0,0,0,0,0,0,0,0,0,0,0,0,0,0,0,0,0,0,0,0,0,0,0,0,
  0,0,0,0,0,0,0,0,0,0,0,0,0,0,0,0,0,0,0,0,0,0,0,0,0,0,0,0,0,0,0,0,
  0,0,0,0,0,0,0,0,0,0,0,0,0,0,0,0,0,0,0,0,0,0,0,0,0,0,0,0,0,0,0,0,
  0,0,0,0,0,0,0,0,0,0,0,0,0,0,0,0,0,0,0,0,0,0,0,0,0,0,0,0,0,0,0,0,
  0,0,0,0,0,0,0,0,0,0,0,0,0,0,0,0,0,0,0,0,0,0,0,0,0,0,0,0,0,0,0,0,
  0,0,0,0,0,0,0,0,0,0,0,0,0,0,0,0,0,0,0,0,0,0,0,0,0,0,0,0,0,0,0,0,
  0,0,0,0,0,0,0,0,0,0,0,0,0,0,0,0,0,0,0,0,0,0,0,0,0,0,0,0,0,0,0,0,
  0,0,0,0,0,0,0,0,0,0,0,0,0,0,0,0,0,0,0,0,0,0,0,0,0,0,0,0,0,0,0,0,
  0,0,0,0,0,0,0,0,0,0,0,0,0,0,0,0,0,0,0,0,0,0,0,0,0,0,0,0,0,0,0,0,
  0,0,0,0,0,0,0,0,0,0,0,0,0,0,0,0,0,0,0,0,0,0,0,0,0,0,0,0,0,0,0,0,
};

static const SpawnDef sp_crypt[] = {{EN_SKELETON,10,18,0},{EN_SKELETON,21,18,0},{EN_SKELETON,10,21,0},{EN_SKELETON,21,21,0},{EN_SKELETON,15,19,0},{EN_SKELETON,16,22,0},{EN_SKELETON,3,19,0},{EN_SKELETON,3,21,0},{EN_SKELETON,28,19,0},{EN_SKELETON,29,21,0},{EN_BAT,12,19,0},{EN_BAT,19,20,0},{EN_BAT,14,15,0},{EN_BAT,17,23,0},{EN_BOSS,15,5,0}};
static const NpcDef np_crypt[] = {{0,0,0,0}};
static const ChestDef ch_crypt[] = {{2,17,ITEM_HIPOTION,2,5},{29,17,CH_WEAPON3,1,6},{7,15,ITEM_ARMOR2,1,7},{12,28,ITEM_ELIXIR,1,8}};
static const WarpDef wp_crypt[] = {{15,30,16,30,1,14,4,0}};
static const SignDef sg_crypt[] = {{14,29,"THE DEAD STIR BEYOND THE IRON DOOR. FIND THE KEY."}};
const AreaDef areas[3] = {
  { "Embervale", map_village_g, map_village_o, sp_village, np_village, ch_village, wp_village, sg_village, 0,3,1,1,2, 0,SONG_VILLAGE,1,15,24 },
  { "Whispering Woods", map_forest_g, map_forest_o, sp_forest, np_forest, ch_forest, wp_forest, sg_forest, 14,0,4,2,2, 0,SONG_FOREST,2,2,15 },
  { "Hollow Crypt", map_crypt_g, map_crypt_o, sp_crypt, np_crypt, ch_crypt, wp_crypt, sg_crypt, 15,0,4,1,1, 1,SONG_CRYPT,3,15,29 },
};
